CONV_ID,id,rating_directness_content,rating_directness_expression,rating_OI_content,rating_OI_expression,rater_id,status,last_updated_time
d3j4tn9,d3j4tn9_1,Yes - Direct Content,Yes - Direct Expression,Yes - Content opposes someone else,Yes - Expression is emotional/forceful,amy,done,2024-02-16 10:35:35.770168
d3j4tn9,d3j4tn9_2,Yes - Direct Content,Yes - Direct Expression,Yes - Content opposes someone else,No - Expression is not emotional/forceful,amy,done,2024-02-16 10:35:36.653008
d3j4tn9,d3jqp6d,Yes - Direct Content,Yes - Direct Expression,Yes - Content opposes someone else,Yes - Expression is emotional/forceful,amy,done,2024-02-16 10:35:37.318892
d3j4tn9,d3jtj7i,Yes - Direct Content,Yes - Direct Expression,Yes - Content opposes someone else,No - Expression is not emotional/forceful,amy,done,2024-02-16 10:35:38.025749
d3j4tn9,d3ldu4f,Yes - Direct Content,Yes - Direct Expression,Yes - Content opposes someone else,Yes - Expression is emotional/forceful,amy,done,2024-02-16 10:35:38.644150
dp815p0,dp815p0_1,Yes - Direct Content,Yes - Direct Expression,Yes - Content opposes someone else,No - Expression is not emotional/forceful,amy,done,2024-02-16 10:35:39.262305
dp815p0,dp83n5i_1,Yes - Direct Content,Yes - Direct Expression,Yes - Content opposes someone else,No - Expression is not emotional/forceful,amy,done,2024-02-16 10:35:39.892203
dp815p0,dp83n5i_2,Yes - Direct Content,Yes - Direct Expression,Yes - Content opposes someone else,No - Expression is not emotional/forceful,amy,done,2024-02-16 10:35:40.510457
dp815p0,dp8ayhj_1,Yes - Direct Content,Yes - Direct Expression,Yes - Content opposes someone else,No - Expression is not emotional/forceful,amy,done,2024-02-16 10:35:41.131431
dp815p0,dp8ayhj_2,Yes - Direct Content,Yes - Direct Expression,Yes - Content opposes someone else,No - Expression is not emotional/forceful,amy,done,2024-02-16 10:35:41.761554
dp815p0,dp8b8t6,Yes - Direct Content,No - Indirect Expression,Yes - Content opposes someone else,No - Expression is not emotional/forceful,amy,done,2024-02-16 10:35:42.366417
dp815p0,dp8z33y,Yes - Direct Content,Yes - Direct Expression,Yes - Content opposes someone else,Yes - Expression is emotional/forceful,amy,done,2024-02-16 10:35:43.008998
3046_A,t3_30uf3s,Yes - Direct Content,Yes - Direct Expression,Yes - Content opposes someone else,No - Expression is not emotional/forceful,amy,done,2024-02-16 10:35:43.718889
3046_A,t1_cpvxc6j_1,Yes - Direct Content,No - Indirect Expression,Yes - Content opposes someone else,Yes - Expression is emotional/forceful,amy,done,2024-02-16 10:35:44.346880
3046_A,t1_cpvyv7v,Yes - Direct Content,No - Indirect Expression,No - Content does not oppose anyone,No - Expression is not emotional/forceful,amy,done,2024-02-16 10:35:44.989902
d3j4tn9,d3j4tn9_1,Yes - Direct Content,Yes - Direct Expression,Yes - Content opposes someone else,Yes - Expression is emotional/forceful,nikhil,done,2024-02-16 10:35:35.770168
d3j4tn9,d3j4tn9_2,Yes - Direct Content,Yes - Direct Expression,Yes - Content opposes someone else,No - Expression is not emotional/forceful,nikhil,done,2024-02-16 10:35:36.653008
d3j4tn9,d3jqp6d,Yes - Direct Content,Yes - Direct Expression,Yes - Content opposes someone else,Yes - Expression is emotional/forceful,nikhil,done,2024-02-16 10:35:37.318892
d3j4tn9,d3jtj7i,Yes - Direct Content,Yes - Direct Expression,Yes - Content opposes someone else,No - Expression is not emotional/forceful,nikhil,done,2024-02-16 10:35:38.025749
d3j4tn9,d3ldu4f,Yes - Direct Content,Yes - Direct Expression,Yes - Content opposes someone else,Yes - Expression is emotional/forceful,nikhil,done,2024-02-16 10:35:38.644150
dp815p0,dp815p0_1,Yes - Direct Content,Yes - Direct Expression,Yes - Content opposes someone else,No - Expression is not emotional/forceful,nikhil,done,2024-02-16 10:35:39.262305
dp815p0,dp83n5i_1,Yes - Direct Content,Yes - Direct Expression,Yes - Content opposes someone else,No - Expression is not emotional/forceful,nikhil,done,2024-02-16 10:35:39.892203
dp815p0,dp83n5i_2,Yes - Direct Content,Yes - Direct Expression,Yes - Content opposes someone else,No - Expression is not emotional/forceful,nikhil,done,2024-02-16 10:35:40.510457
dp815p0,dp8ayhj_1,Yes - Direct Content,Yes - Direct Expression,Yes - Content opposes someone else,No - Expression is not emotional/forceful,nikhil,done,2024-02-16 10:35:41.131431
dp815p0,dp8ayhj_2,Yes - Direct Content,Yes - Direct Expression,Yes - Content opposes someone else,No - Expression is not emotional/forceful,nikhil,done,2024-02-16 10:35:41.761554
dp815p0,dp8b8t6,Yes - Direct Content,No - Indirect Expression,Yes - Content opposes someone else,No - Expression is not emotional/forceful,nikhil,done,2024-02-16 10:35:42.366417
dp815p0,dp8z33y,Yes - Direct Content,Yes - Direct Expression,Yes - Content opposes someone else,Yes - Expression is emotional/forceful,nikhil,done,2024-02-16 10:35:43.008998
3046_A,t3_30uf3s,Yes - Direct Content,Yes - Direct Expression,Yes - Content opposes someone else,No - Expression is not emotional/forceful,nikhil,done,2024-02-16 10:35:43.718889
3046_A,t1_cpvxc6j_1,Yes - Direct Content,No - Indirect Expression,Yes - Content opposes someone else,Yes - Expression is emotional/forceful,nikhil,done,2024-02-16 10:35:44.346880
3046_A,t1_cpvyv7v,Yes - Direct Content,No - Indirect Expression,No - Content does not oppose anyone,No - Expression is not emotional/forceful,nikhil,done,2024-02-16 10:35:44.989902
d3j4tn9,d3j4tn9_1,Yes - Direct Content,Yes - Direct Expression,Yes - Content opposes someone else,Yes - Expression is emotional/forceful,helena,done,2024-02-16 10:35:35.770168
d3j4tn9,d3j4tn9_2,Yes - Direct Content,Yes - Direct Expression,Yes - Content opposes someone else,No - Expression is not emotional/forceful,helena,done,2024-02-16 10:35:36.653008
d3j4tn9,d3jqp6d,Yes - Direct Content,Yes - Direct Expression,Yes - Content opposes someone else,Yes - Expression is emotional/forceful,helena,done,2024-02-16 10:35:37.318892
d3j4tn9,d3jtj7i,Yes - Direct Content,Yes - Direct Expression,Yes - Content opposes someone else,No - Expression is not emotional/forceful,helena,done,2024-02-16 10:35:38.025749
d3j4tn9,d3ldu4f,Yes - Direct Content,Yes - Direct Expression,Yes - Content opposes someone else,Yes - Expression is emotional/forceful,helena,done,2024-02-16 10:35:38.644150
dp815p0,dp815p0_1,Yes - Direct Content,Yes - Direct Expression,Yes - Content opposes someone else,No - Expression is not emotional/forceful,helena,done,2024-02-16 10:35:39.262305
dp815p0,dp83n5i_1,Yes - Direct Content,Yes - Direct Expression,Yes - Content opposes someone else,No - Expression is not emotional/forceful,helena,done,2024-02-16 10:35:39.892203
dp815p0,dp83n5i_2,Yes - Direct Content,Yes - Direct Expression,Yes - Content opposes someone else,No - Expression is not emotional/forceful,helena,done,2024-02-16 10:35:40.510457
dp815p0,dp8ayhj_1,Yes - Direct Content,Yes - Direct Expression,Yes - Content opposes someone else,No - Expression is not emotional/forceful,helena,done,2024-02-16 10:35:41.131431
dp815p0,dp8ayhj_2,Yes - Direct Content,Yes - Direct Expression,Yes - Content opposes someone else,No - Expression is not emotional/forceful,helena,done,2024-02-16 10:35:41.761554
dp815p0,dp8b8t6,Yes - Direct Content,No - Indirect Expression,Yes - Content opposes someone else,No - Expression is not emotional/forceful,helena,done,2024-02-16 10:35:42.366417
dp815p0,dp8z33y,Yes - Direct Content,Yes - Direct Expression,Yes - Content opposes someone else,Yes - Expression is emotional/forceful,helena,done,2024-02-16 10:35:43.008998
3046_A,t3_30uf3s,Yes - Direct Content,Yes - Direct Expression,Yes - Content opposes someone else,No - Expression is not emotional/forceful,helena,done,2024-02-16 10:35:43.718889
3046_A,t1_cpvxc6j_1,Yes - Direct Content,No - Indirect Expression,Yes - Content opposes someone else,Yes - Expression is emotional/forceful,helena,done,2024-02-16 10:35:44.346880
3046_A,t1_cpvyv7v,Yes - Direct Content,No - Indirect Expression,No - Content does not oppose anyone,No - Expression is not emotional/forceful,helena,done,2024-02-16 10:35:44.989902
cys9xnl,cys9xnl,Yes - Direct Content,Yes - Direct Expression,Yes - Content opposes someone else,No - Expression is not emotional/forceful,amy,done,2024-02-16 10:35:45.622705
cys9xnl,cysac2e_1,Yes - Direct Content,Yes - Direct Expression,No - Content does not oppose anyone,No - Expression is not emotional/forceful,amy,done,2024-02-16 10:35:46.250648
cys9xnl,cysac2e_2,Yes - Direct Content,Yes - Direct Expression,Yes - Content opposes someone else,No - Expression is not emotional/forceful,amy,done,2024-02-16 10:35:46.885103
cys9xnl,cyshwie_1,Yes - Direct Content,No - Indirect Expression,Yes - Content opposes someone else,No - Expression is not emotional/forceful,amy,done,2024-02-16 10:35:47.496485
cys9xnl,cysj01x,Yes - Direct Content,No - Indirect Expression,Yes - Content opposes someone else,No - Expression is not emotional/forceful,amy,done,2024-02-16 10:35:48.145349
cys9xnl,cysj8t8_1,Yes - Direct Content,Yes - Direct Expression,Yes - Content opposes someone else,No - Expression is not emotional/forceful,amy,done,2024-02-16 10:35:48.761811
cys9xnl,cysk2vc,Yes - Direct Content,Yes - Direct Expression,Yes - Content opposes someone else,Yes - Expression is emotional/forceful,amy,done,2024-02-16 10:35:59.486321
cys9xnl,cyslbuz,Yes - Direct Content,No - Indirect Expression,Yes - Content opposes someone else,No - Expression is not emotional/forceful,amy,done,2024-02-16 10:36:00.239345
cys9xnl,cyslw2z_1,Yes - Direct Content,No - Indirect Expression,Yes - Content opposes someone else,Yes - Expression is emotional/forceful,amy,done,2024-02-16 10:36:00.859794
cys9xnl,cyslw2z_2,Yes - Direct Content,Yes - Direct Expression,Yes - Content opposes someone else,Yes - Expression is emotional/forceful,amy,done,2024-02-16 10:36:01.492156
cys9xnl,cysm6pl_1,Yes - Direct Content,Yes - Direct Expression,Yes - Content opposes someone else,Yes - Expression is emotional/forceful,amy,done,2024-02-16 10:36:02.140182
cys9xnl,cysm6pl_2,Yes - Direct Content,Yes - Direct Expression,Yes - Content opposes someone else,No - Expression is not emotional/forceful,amy,done,2024-02-16 10:36:02.885145
d164d22,d164d22,Yes - Direct Content,Yes - Direct Expression,Yes - Content opposes someone else,No - Expression is not emotional/forceful,amy,done,2024-02-16 10:36:03.547043
d164d22,d164s76,Yes - Direct Content,Yes - Direct Expression,Yes - Content opposes someone else,No - Expression is not emotional/forceful,amy,done,2024-02-16 10:36:04.154408
d164d22,d165mtu_1,Yes - Direct Content,No - Indirect Expression,Yes - Content opposes someone else,No - Expression is not emotional/forceful,amy,done,2024-02-16 10:36:04.792505
d164d22,d165mtu_2,Yes - Direct Content,Yes - Direct Expression,Yes - Content opposes someone else,Yes - Expression is emotional/forceful,amy,done,2024-02-16 10:36:05.440436
d164d22,d16ag4s,Yes - Direct Content,No - Indirect Expression,Yes - Content opposes someone else,No - Expression is not emotional/forceful,amy,done,2024-02-16 10:36:06.117271
d164d22,d16akdb,Yes - Direct Content,Yes - Direct Expression,No - Content does not oppose anyone,No - Expression is not emotional/forceful,amy,done,2024-02-16 10:36:06.880261
d164d22,d16at8t,Yes - Direct Content,No - Indirect Expression,Yes - Content opposes someone else,No - Expression is not emotional/forceful,amy,done,2024-02-16 10:36:07.510634
d4hcjto,d4hcjto,Yes - Direct Content,Yes - Direct Expression,Yes - Content opposes someone else,No - Expression is not emotional/forceful,amy,done,2024-02-16 10:36:08.188148
d4hcjto,d4hcl84,Yes - Direct Content,No - Indirect Expression,Yes - Content opposes someone else,No - Expression is not emotional/forceful,amy,done,2024-02-16 10:36:08.798709
d4hcjto,d4hcn8a,Yes - Direct Content,Yes - Direct Expression,Yes - Content opposes someone else,No - Expression is not emotional/forceful,amy,done,2024-02-16 10:36:09.451170
d4hcjto,d4hcon6_1,Yes - Direct Content,No - Indirect Expression,Yes - Content opposes someone else,Yes - Expression is emotional/forceful,amy,done,2024-02-16 10:36:10.087827
d4hcjto,d4hcon6_2,Yes - Direct Content,No - Indirect Expression,No - Content does not oppose anyone,No - Expression is not emotional/forceful,amy,done,2024-02-16 10:36:10.742993
d4hcjto,d4hcvk6,Yes - Direct Content,Yes - Direct Expression,Yes - Content opposes someone else,No - Expression is not emotional/forceful,amy,done,2024-02-16 10:36:11.363118
d4hcjto,d4hd9kk_1,Neutral - Content contains no opinion,Yes - Direct Expression,Yes - Content opposes someone else,No - Expression is not emotional/forceful,amy,done,2024-02-16 10:36:11.999030
d4hcjto,d4hd9kk_2,Yes - Direct Content,Yes - Direct Expression,Yes - Content opposes someone else,No - Expression is not emotional/forceful,amy,done,2024-02-16 10:36:22.660694
d4hcjto,d4hdz6j,Yes - Direct Content,No - Indirect Expression,Yes - Content opposes someone else,No - Expression is not emotional/forceful,amy,done,2024-02-16 10:36:23.310040
d4hcjto,d4he2iq,Yes - Direct Content,Yes - Direct Expression,Yes - Content opposes someone else,No - Expression is not emotional/forceful,amy,done,2024-02-16 10:36:23.962655
dzgz6m2,dzgz6m2_1,Yes - Direct Content,Yes - Direct Expression,Yes - Content opposes someone else,No - Expression is not emotional/forceful,amy,done,2024-02-16 10:36:24.597626
dzgz6m2,dzgz6m2_2,Yes - Direct Content,Yes - Direct Expression,Yes - Content opposes someone else,No - Expression is not emotional/forceful,amy,done,2024-02-16 10:36:25.206713
dzgz6m2,dzh0psx_1,Yes - Direct Content,Yes - Direct Expression,Yes - Content opposes someone else,Yes - Expression is emotional/forceful,amy,done,2024-02-16 10:36:26.031065
dzgz6m2,dzh0psx_2,Yes - Direct Content,Yes - Direct Expression,Yes - Content opposes someone else,No - Expression is not emotional/forceful,amy,done,2024-02-16 10:36:26.656867
dzgz6m2,dzh0xpe,Yes - Direct Content,Yes - Direct Expression,Yes - Content opposes someone else,No - Expression is not emotional/forceful,amy,done,2024-02-16 10:36:27.250671
e6ciwm3,e6ciwm3_1,Yes - Direct Content,No - Indirect Expression,Yes - Content opposes someone else,No - Expression is not emotional/forceful,amy,done,2024-02-16 10:36:28.054094
e6ciwm3,e6ciwm3_2,Yes - Direct Content,Yes - Direct Expression,Yes - Content opposes someone else,No - Expression is not emotional/forceful,amy,done,2024-02-16 10:36:28.848088
e6ciwm3,e6ciwm3_3,Yes - Direct Content,Yes - Direct Expression,Yes - Content opposes someone else,No - Expression is not emotional/forceful,amy,done,2024-02-16 10:36:29.594799
e6ciwm3,e6ciwm3_4,Yes - Direct Content,Yes - Direct Expression,Yes - Content opposes someone else,Yes - Expression is emotional/forceful,amy,done,2024-02-16 10:36:30.233442
e6ciwm3,e6cjudx_1,Yes - Direct Content,Yes - Direct Expression,Yes - Content opposes someone else,No - Expression is not emotional/forceful,amy,done,2024-02-16 10:36:30.864547
e6ciwm3,e6cjudx_2,Yes - Direct Content,Yes - Direct Expression,Yes - Content opposes someone else,No - Expression is not emotional/forceful,amy,done,2024-02-16 10:36:31.507179
e6ciwm3,e6clcvs_1,Yes - Direct Content,Yes - Direct Expression,Yes - Content opposes someone else,No - Expression is not emotional/forceful,amy,done,2024-02-16 10:36:32.151973
e6ciwm3,e6clcvs_2,Yes - Direct Content,Yes - Direct Expression,No - Content does not oppose anyone,No - Expression is not emotional/forceful,amy,done,2024-02-16 10:36:32.970991
e6ciwm3,e6clcvs_3,Yes - Direct Content,Yes - Direct Expression,Yes - Content opposes someone else,No - Expression is not emotional/forceful,amy,done,2024-02-16 10:36:33.612072
e6ciwm3,e6clcvs_4,Yes - Direct Content,Yes - Direct Expression,Yes - Content opposes someone else,Yes - Expression is emotional/forceful,amy,done,2024-02-16 10:36:34.229415
e6ciwm3,e6clcvs_5,Yes - Direct Content,Yes - Direct Expression,Yes - Content opposes someone else,No - Expression is not emotional/forceful,amy,done,2024-02-16 10:36:34.878713
e6ciwm3,e6csi4d,Yes - Direct Content,Yes - Direct Expression,Yes - Content opposes someone else,No - Expression is not emotional/forceful,amy,done,2024-02-16 10:36:35.818019
e6ciwm3,e6ctqqw_1,Yes - Direct Content,Yes - Direct Expression,Yes - Content opposes someone else,No - Expression is not emotional/forceful,amy,done,2024-02-16 10:36:46.872636
e6ciwm3,e6ctqqw_2,Yes - Direct Content,Yes - Direct Expression,Yes - Content opposes someone else,No - Expression is not emotional/forceful,amy,done,2024-02-16 10:36:47.500305
e6ciwm3,e6ctqqw_3,Yes - Direct Content,Yes - Direct Expression,Yes - Content opposes someone else,No - Expression is not emotional/forceful,amy,done,2024-02-16 10:36:48.123542
e6ciwm3,e6ctqqw_4,Yes - Direct Content,Yes - Direct Expression,Yes - Content opposes someone else,No - Expression is not emotional/forceful,amy,done,2024-02-16 10:36:48.757694
e6ciwm3,e6ctqqw_5,Yes - Direct Content,Yes - Direct Expression,Yes - Content opposes someone else,No - Expression is not emotional/forceful,amy,done,2024-02-16 10:36:49.499984
e6ciwm3,e6ctqqw_6,Yes - Direct Content,Yes - Direct Expression,Yes - Content opposes someone else,No - Expression is not emotional/forceful,amy,done,2024-02-16 10:36:50.135089
e6ciwm3,e6d3cso_1,Yes - Direct Content,Yes - Direct Expression,Yes - Content opposes someone else,No - Expression is not emotional/forceful,amy,done,2024-02-16 10:36:50.772575
e6ciwm3,e6d3cso_2,Yes - Direct Content,Yes - Direct Expression,Yes - Content opposes someone else,No - Expression is not emotional/forceful,amy,done,2024-02-16 10:36:51.473475
e6ciwm3,e6d3cso_3,Yes - Direct Content,Yes - Direct Expression,Yes - Content opposes someone else,No - Expression is not emotional/forceful,amy,done,2024-02-16 10:36:52.124856
e6ciwm3,e6d3cso_4,Yes - Direct Content,Yes - Direct Expression,Yes - Content opposes someone else,No - Expression is not emotional/forceful,amy,done,2024-02-16 10:36:52.779530
e6ciwm3,e6d3cso_5,Yes - Direct Content,No - Indirect Expression,Yes - Content opposes someone else,No - Expression is not emotional/forceful,amy,done,2024-02-16 10:36:53.460304
e6ciwm3,e6d3v4s_1,Yes - Direct Content,Yes - Direct Expression,Yes - Content opposes someone else,No - Expression is not emotional/forceful,amy,done,2024-02-16 10:36:54.160650
e6ciwm3,e6d3v4s_2,Yes - Direct Content,Yes - Direct Expression,Yes - Content opposes someone else,No - Expression is not emotional/forceful,amy,done,2024-02-16 10:36:54.895285
e6ciwm3,e6d3v4s_3,Yes - Direct Content,No - Indirect Expression,Yes - Content opposes someone else,No - Expression is not emotional/forceful,amy,done,2024-02-16 10:36:55.563126
e6ciwm3,e6d4v67_1,Yes - Direct Content,Yes - Direct Expression,Yes - Content opposes someone else,No - Expression is not emotional/forceful,amy,done,2024-02-16 10:36:56.206368
e6ciwm3,e6d4v67_2,Yes - Direct Content,No - Indirect Expression,Yes - Content opposes someone else,No - Expression is not emotional/forceful,amy,done,2024-02-16 10:36:56.847257
e6ciwm3,e6d4v67_3,Yes - Direct Content,Yes - Direct Expression,Yes - Content opposes someone else,No - Expression is not emotional/forceful,amy,done,2024-02-16 10:36:57.562331
e6ciwm3,e6d4v67_4,Yes - Direct Content,Yes - Direct Expression,Yes - Content opposes someone else,No - Expression is not emotional/forceful,amy,done,2024-02-16 10:36:58.196263
e6ciwm3,e6d4v67_5,Yes - Direct Content,Yes - Direct Expression,Yes - Content opposes someone else,No - Expression is not emotional/forceful,amy,done,2024-02-16 10:36:58.838453
e6ciwm3,e6d4v67_6,Yes - Direct Content,Yes - Direct Expression,Yes - Content opposes someone else,No - Expression is not emotional/forceful,amy,done,2024-02-16 10:36:59.473085
e6ciwm3,e6d4v67_7,Yes - Direct Content,Yes - Direct Expression,Yes - Content opposes someone else,No - Expression is not emotional/forceful,amy,done,2024-02-16 10:37:10.204671
e6ciwm3,e6d5ndb,Yes - Direct Content,No - Indirect Expression,Yes - Content opposes someone else,No - Expression is not emotional/forceful,amy,done,2024-02-16 10:37:11.140501
e6ciwm3,e6d644s_1,Yes - Direct Content,Yes - Direct Expression,Yes - Content opposes someone else,No - Expression is not emotional/forceful,amy,done,2024-02-16 10:37:11.814287
e6ciwm3,e6d69zl_1,Yes - Direct Content,No - Indirect Expression,Yes - Content opposes someone else,Yes - Expression is emotional/forceful,amy,done,2024-02-16 10:37:12.467346
e6ciwm3,e6d69zl_2,Yes - Direct Content,No - Indirect Expression,Yes - Content opposes someone else,Yes - Expression is emotional/forceful,amy,done,2024-02-16 10:37:13.082389
e6ciwm3,e6d6hj8_1,Yes - Direct Content,No - Indirect Expression,Yes - Content opposes someone else,No - Expression is not emotional/forceful,amy,done,2024-02-16 10:37:13.715629
e6ciwm3,e6d6hj8_2,Yes - Direct Content,Yes - Direct Expression,Yes - Content opposes someone else,No - Expression is not emotional/forceful,amy,done,2024-02-16 10:37:14.347947
e6ciwm3,e6d6hj8_3,Yes - Direct Content,Yes - Direct Expression,Yes - Content opposes someone else,No - Expression is not emotional/forceful,amy,done,2024-02-16 10:37:15.017290
dbrj3ub,dbrj3ub_1,Yes - Direct Content,Yes - Direct Expression,Yes - Content opposes someone else,No - Expression is not emotional/forceful,amy,done,2024-02-16 10:37:15.657240
dbrj3ub,dbrj3ub_2,Yes - Direct Content,Yes - Direct Expression,No - Content does not oppose anyone,No - Expression is not emotional/forceful,amy,done,2024-02-16 10:37:16.451896
dbrj3ub,dbrj3ub_3,Yes - Direct Content,Yes - Direct Expression,Yes - Content opposes someone else,No - Expression is not emotional/forceful,amy,done,2024-02-16 10:37:17.241760
dbrj3ub,dbrj3ub_4,Yes - Direct Content,Yes - Direct Expression,Yes - Content opposes someone else,No - Expression is not emotional/forceful,amy,done,2024-02-16 10:37:17.888016
dbrj3ub,dbrlkqg,Neutral - Content contains no opinion,Yes - Direct Expression,Yes - Content opposes someone else,No - Expression is not emotional/forceful,amy,done,2024-02-16 10:37:18.532168
dbrj3ub,dbrlwus_1,Yes - Direct Content,Yes - Direct Expression,Yes - Content opposes someone else,No - Expression is not emotional/forceful,amy,done,2024-02-16 10:37:19.208989
dbrj3ub,dbrlwus_2,Neutral - Content contains no opinion,Yes - Direct Expression,Yes - Content opposes someone else,No - Expression is not emotional/forceful,amy,done,2024-02-16 10:37:19.888779
dbrj3ub,dbrm6zn,Yes - Direct Content,Yes - Direct Expression,Yes - Content opposes someone else,No - Expression is not emotional/forceful,amy,done,2024-02-16 10:37:20.557770
dbrj3ub,dbrmdcs,Yes - Direct Content,Yes - Direct Expression,No - Content does not oppose anyone,Yes - Expression is emotional/forceful,amy,done,2024-02-16 10:37:21.211794
dbrj3ub,dbrmue8_1,Yes - Direct Content,Yes - Direct Expression,Yes - Content opposes someone else,No - Expression is not emotional/forceful,amy,done,2024-02-16 10:37:21.836861
dbrj3ub,dbrmue8_2,Yes - Direct Content,Yes - Direct Expression,Yes - Content opposes someone else,No - Expression is not emotional/forceful,amy,done,2024-02-16 10:37:22.489558
de92e7n,de92e7n,Yes - Direct Content,Yes - Direct Expression,Yes - Content opposes someone else,No - Expression is not emotional/forceful,amy,done,2024-02-16 10:37:23.125140
de92e7n,de9sp4o,Yes - Direct Content,Yes - Direct Expression,Yes - Content opposes someone else,No - Expression is not emotional/forceful,amy,done,2024-02-16 10:37:33.772051
de92e7n,de9wr2x_1,Yes - Direct Content,No - Indirect Expression,Yes - Content opposes someone else,No - Expression is not emotional/forceful,amy,done,2024-02-16 10:37:34.410920
de92e7n,de9wr2x_2,Yes - Direct Content,Yes - Direct Expression,Yes - Content opposes someone else,No - Expression is not emotional/forceful,amy,done,2024-02-16 10:37:35.046189
d5q07u2,d5q07u2,Yes - Direct Content,Yes - Direct Expression,Yes - Content opposes someone else,No - Expression is not emotional/forceful,amy,done,2024-02-16 10:37:35.672539
d5q07u2,d5q0fkh,Yes - Direct Content,No - Indirect Expression,Yes - Content opposes someone else,No - Expression is not emotional/forceful,amy,done,2024-02-16 10:37:36.328633
d5q07u2,d5q0wdg,Yes - Direct Content,Yes - Direct Expression,Yes - Content opposes someone else,No - Expression is not emotional/forceful,amy,done,2024-02-16 10:37:36.955513
d5q07u2,d5q3eh6,Yes - Direct Content,Yes - Direct Expression,No - Content does not oppose anyone,No - Expression is not emotional/forceful,amy,done,2024-02-16 10:37:37.578811
d85vi9n,d85vi9n_1,Yes - Direct Content,Yes - Direct Expression,Yes - Content opposes someone else,No - Expression is not emotional/forceful,amy,done,2024-02-16 10:37:38.236664
d85vi9n,d85vi9n_2,Yes - Direct Content,No - Indirect Expression,Yes - Content opposes someone else,No - Expression is not emotional/forceful,amy,done,2024-02-16 10:37:38.884065
d85vi9n,d85vi9n_3,Yes - Direct Content,Yes - Direct Expression,Yes - Content opposes someone else,No - Expression is not emotional/forceful,amy,done,2024-02-16 10:37:39.505965
d85vi9n,d85vi9n_4,Yes - Direct Content,Yes - Direct Expression,Yes - Content opposes someone else,No - Expression is not emotional/forceful,amy,done,2024-02-16 10:37:40.158745
d85vi9n,d85vi9n_5,Yes - Direct Content,Yes - Direct Expression,Yes - Content opposes someone else,No - Expression is not emotional/forceful,amy,done,2024-02-16 10:37:40.797699
d85vi9n,d85vi9n_6,Yes - Direct Content,Yes - Direct Expression,Yes - Content opposes someone else,Yes - Expression is emotional/forceful,amy,done,2024-02-16 10:37:41.421404
d85vi9n,d85xpyt_1,Yes - Direct Content,Yes - Direct Expression,Yes - Content opposes someone else,No - Expression is not emotional/forceful,amy,done,2024-02-16 10:37:42.072805
d85vi9n,d85xpyt_2,Yes - Direct Content,Yes - Direct Expression,Yes - Content opposes someone else,No - Expression is not emotional/forceful,amy,done,2024-02-16 10:37:42.687757
d85vi9n,d85xpyt_3,Yes - Direct Content,Yes - Direct Expression,Yes - Content opposes someone else,No - Expression is not emotional/forceful,amy,done,2024-02-16 10:37:43.332088
d85vi9n,d85y4rt_1,Yes - Direct Content,Yes - Direct Expression,Yes - Content opposes someone else,No - Expression is not emotional/forceful,amy,done,2024-02-16 10:37:43.953194
d85vi9n,d85y4rt_2,Yes - Direct Content,No - Indirect Expression,Yes - Content opposes someone else,No - Expression is not emotional/forceful,amy,done,2024-02-16 10:37:44.574155
d85vi9n,d85z3im_1,Yes - Direct Content,Yes - Direct Expression,Yes - Content opposes someone else,No - Expression is not emotional/forceful,amy,done,2024-02-16 10:37:45.237784
d85vi9n,d85z3im_2,Yes - Direct Content,Yes - Direct Expression,Yes - Content opposes someone else,No - Expression is not emotional/forceful,amy,done,2024-02-16 10:37:45.928650
d85vi9n,d85zj9e_1,Yes - Direct Content,Yes - Direct Expression,Yes - Content opposes someone else,No - Expression is not emotional/forceful,amy,done,2024-02-16 10:37:56.741639
d85vi9n,d85zj9e_2,Yes - Direct Content,Yes - Direct Expression,Yes - Content opposes someone else,No - Expression is not emotional/forceful,amy,done,2024-02-16 10:37:57.379071
d85vi9n,d85zj9e_3,Yes - Direct Content,Yes - Direct Expression,Yes - Content opposes someone else,No - Expression is not emotional/forceful,amy,done,2024-02-16 10:37:57.997030
d85vi9n,d860jzy_1,Yes - Direct Content,Yes - Direct Expression,Yes - Content opposes someone else,No - Expression is not emotional/forceful,amy,done,2024-02-16 10:37:58.640793
d85vi9n,d860jzy_2,Yes - Direct Content,Yes - Direct Expression,Yes - Content opposes someone else,No - Expression is not emotional/forceful,amy,done,2024-02-16 10:37:59.432301
d85vi9n,d860jzy_3,Yes - Direct Content,Yes - Direct Expression,Yes - Content opposes someone else,No - Expression is not emotional/forceful,amy,done,2024-02-16 10:38:00.079240
d85vi9n,d860jzy_4,Yes - Direct Content,No - Indirect Expression,Yes - Content opposes someone else,No - Expression is not emotional/forceful,amy,done,2024-02-16 10:38:00.694693
d85vi9n,d864huv_1,Yes - Direct Content,Yes - Direct Expression,Yes - Content opposes someone else,No - Expression is not emotional/forceful,amy,done,2024-02-16 10:38:01.458486
d85vi9n,d864huv_2,Yes - Direct Content,Yes - Direct Expression,Yes - Content opposes someone else,No - Expression is not emotional/forceful,amy,done,2024-02-16 10:38:02.213915
d85vi9n,d864huv_3,Yes - Direct Content,Yes - Direct Expression,Yes - Content opposes someone else,No - Expression is not emotional/forceful,amy,done,2024-02-16 10:38:02.877970
d85vi9n,d86bqrm_1,Yes - Direct Content,Yes - Direct Expression,Yes - Content opposes someone else,No - Expression is not emotional/forceful,amy,done,2024-02-16 10:38:03.526481
d85vi9n,d86bqrm_2,Yes - Direct Content,No - Indirect Expression,Yes - Content opposes someone else,No - Expression is not emotional/forceful,amy,done,2024-02-16 10:38:04.163158
d85vi9n,d86bzje_1,Yes - Direct Content,No - Indirect Expression,Yes - Content opposes someone else,No - Expression is not emotional/forceful,amy,done,2024-02-16 10:38:04.788497
d85vi9n,d86bzje_2,Yes - Direct Content,Yes - Direct Expression,Yes - Content opposes someone else,No - Expression is not emotional/forceful,amy,done,2024-02-16 10:38:05.431088
d85vi9n,d86cm12_1,Yes - Direct Content,Yes - Direct Expression,Yes - Content opposes someone else,No - Expression is not emotional/forceful,amy,done,2024-02-16 10:38:06.079649
d85vi9n,d86cm12_2,Yes - Direct Content,No - Indirect Expression,Yes - Content opposes someone else,No - Expression is not emotional/forceful,amy,done,2024-02-16 10:38:06.706155
d85vi9n,d86cm12_3,Yes - Direct Content,Yes - Direct Expression,Yes - Content opposes someone else,No - Expression is not emotional/forceful,amy,done,2024-02-16 10:38:07.349809
d85vi9n,d86dx8t_1,Yes - Direct Content,Yes - Direct Expression,Yes - Content opposes someone else,No - Expression is not emotional/forceful,amy,done,2024-02-16 10:38:08.111403
d85vi9n,d86dx8t_2,Yes - Direct Content,No - Indirect Expression,Yes - Content opposes someone else,No - Expression is not emotional/forceful,amy,done,2024-02-16 10:38:08.732667
d85vi9n,d86dx8t_3,Yes - Direct Content,Yes - Direct Expression,Yes - Content opposes someone else,No - Expression is not emotional/forceful,amy,done,2024-02-16 10:38:09.379004
d85vi9n,d86dx8t_4,Yes - Direct Content,Yes - Direct Expression,Yes - Content opposes someone else,No - Expression is not emotional/forceful,amy,done,2024-02-16 10:38:20.037510
d85vi9n,d86dx8t_5,Yes - Direct Content,Yes - Direct Expression,Yes - Content opposes someone else,No - Expression is not emotional/forceful,amy,done,2024-02-16 10:38:20.680514
61_B,t3_2qr8gn,Yes - Direct Content,Yes - Direct Expression,Yes - Content opposes someone else,No - Expression is not emotional/forceful,amy,done,2024-02-16 10:38:21.321029
61_B,t1_cn9b5po_1,Yes - Direct Content,Yes - Direct Expression,Yes - Content opposes someone else,No - Expression is not emotional/forceful,amy,done,2024-02-16 10:38:21.974957
61_B,t1_cn9b5po_2,Yes - Direct Content,Yes - Direct Expression,Yes - Content opposes someone else,No - Expression is not emotional/forceful,amy,done,2024-02-16 10:38:22.586677
61_B,t1_cn9b5po_3,Yes - Direct Content,Yes - Direct Expression,Yes - Content opposes someone else,No - Expression is not emotional/forceful,amy,done,2024-02-16 10:38:23.210306
61_B,t1_cn9b5po_4,Yes - Direct Content,Yes - Direct Expression,Yes - Content opposes someone else,No - Expression is not emotional/forceful,amy,done,2024-02-16 10:38:23.822754
61_B,t1_cn9b5po_5,Yes - Direct Content,Yes - Direct Expression,Yes - Content opposes someone else,No - Expression is not emotional/forceful,amy,done,2024-02-16 10:38:24.476407
61_B,t1_cn9b5po_6,Yes - Direct Content,Yes - Direct Expression,Yes - Content opposes someone else,No - Expression is not emotional/forceful,amy,done,2024-02-16 10:38:25.108611
61_B,t1_cn9b5po_7,Yes - Direct Content,Yes - Direct Expression,Yes - Content opposes someone else,No - Expression is not emotional/forceful,amy,done,2024-02-16 10:38:25.771286
61_B,t1_cn9b5po_8,Yes - Direct Content,Yes - Direct Expression,Yes - Content opposes someone else,No - Expression is not emotional/forceful,amy,done,2024-02-16 10:38:26.520848
61_B,t1_cn9j8n8,Yes - Direct Content,Yes - Direct Expression,No - Content does not oppose anyone,No - Expression is not emotional/forceful,amy,done,2024-02-16 10:38:27.138315
835_A,t3_2bo66v,Yes - Direct Content,Yes - Direct Expression,Yes - Content opposes someone else,No - Expression is not emotional/forceful,amy,done,2024-02-16 10:32:23.616034
835_A,t1_cj7geua_1,Yes - Direct Content,Yes - Direct Expression,Yes - Content opposes someone else,No - Expression is not emotional/forceful,amy,done,2024-02-16 10:38:28.473974
835_A,t1_cj7geua_2,Yes - Direct Content,Yes - Direct Expression,Yes - Content opposes someone else,No - Expression is not emotional/forceful,amy,done,2024-02-16 10:38:29.106654
1278_B,t3_24c5qv,Yes - Direct Content,Yes - Direct Expression,Yes - Content opposes someone else,Yes - Expression is emotional/forceful,amy,done,2024-02-16 10:32:25.557276
1278_B,t1_ch5oa5w,Yes - Direct Content,Yes - Direct Expression,Yes - Content opposes someone else,Yes - Expression is emotional/forceful,amy,done,2024-02-16 10:38:30.374964
1278_B,t1_ch5og13_1,Yes - Direct Content,Yes - Direct Expression,No - Content does not oppose anyone,No - Expression is not emotional/forceful,amy,done,2024-02-16 10:38:30.989857
1778_A,t3_1v2buu,Yes - Direct Content,Yes - Direct Expression,Yes - Content opposes someone else,No - Expression is not emotional/forceful,amy,done,2024-02-16 10:27:30.436854
1778_A,t1_ceo0vsq,Yes - Direct Content,Yes - Direct Expression,No - Content does not oppose anyone,No - Expression is not emotional/forceful,amy,done,2024-02-16 10:38:32.473004
1778_A,t1_ceo1051,Yes - Direct Content,Yes - Direct Expression,No - Content does not oppose anyone,No - Expression is not emotional/forceful,amy,done,2024-02-16 10:38:43.140024
1811_B,t3_1udlql,Yes - Direct Content,Yes - Direct Expression,Yes - Content opposes someone else,No - Expression is not emotional/forceful,amy,done,2024-02-16 10:32:38.976274
1811_B,t1_ceh07bk_1,Yes - Direct Content,Yes - Direct Expression,Yes - Content opposes someone else,No - Expression is not emotional/forceful,amy,done,2024-02-16 10:38:44.400068
1811_B,t1_ceh07bk_2,Yes - Direct Content,Yes - Direct Expression,Yes - Content opposes someone else,No - Expression is not emotional/forceful,amy,done,2024-02-16 10:38:45.032522
1811_B,t1_ceh0b84_1,Yes - Direct Content,Yes - Direct Expression,No - Content does not oppose anyone,No - Expression is not emotional/forceful,amy,done,2024-02-16 10:38:46.020262
1811_B,t1_ceh0b84_2,Yes - Direct Content,Yes - Direct Expression,No - Content does not oppose anyone,No - Expression is not emotional/forceful,amy,done,2024-02-16 10:38:46.649854
3057_A,t3_30oi71,Yes - Direct Content,Yes - Direct Expression,Yes - Content opposes someone else,No - Expression is not emotional/forceful,amy,done,2024-02-16 10:32:41.966321
3057_A,t1_cpuh9jr_1,Yes - Direct Content,Yes - Direct Expression,Yes - Content opposes someone else,No - Expression is not emotional/forceful,amy,done,2024-02-16 10:38:47.943958
3057_A,t1_cpuh9jr_2,Yes - Direct Content,Yes - Direct Expression,Yes - Content opposes someone else,No - Expression is not emotional/forceful,amy,done,2024-02-16 10:38:48.584026
3057_A,t1_cpuh9jr_3,No - Indirect Content,Yes - Direct Expression,Yes - Content opposes someone else,No - Expression is not emotional/forceful,amy,done,2024-02-16 10:38:49.228614
cys9xnl,cys9xnl,Yes - Direct Content,Yes - Direct Expression,Yes - Content opposes someone else,No - Expression is not emotional/forceful,nikhil,done,2024-02-16 10:35:45.622705
cys9xnl,cysac2e_1,Yes - Direct Content,Yes - Direct Expression,No - Content does not oppose anyone,No - Expression is not emotional/forceful,nikhil,done,2024-02-16 10:35:46.250648
cys9xnl,cysac2e_2,Yes - Direct Content,Yes - Direct Expression,Yes - Content opposes someone else,No - Expression is not emotional/forceful,nikhil,done,2024-02-16 10:35:46.885103
cys9xnl,cyshwie_1,Yes - Direct Content,No - Indirect Expression,Yes - Content opposes someone else,No - Expression is not emotional/forceful,nikhil,done,2024-02-16 10:35:47.496485
cys9xnl,cysj01x,Yes - Direct Content,No - Indirect Expression,Yes - Content opposes someone else,No - Expression is not emotional/forceful,nikhil,done,2024-02-16 10:35:48.145349
cys9xnl,cysj8t8_1,Yes - Direct Content,Yes - Direct Expression,Yes - Content opposes someone else,No - Expression is not emotional/forceful,nikhil,done,2024-02-16 10:35:48.761811
cys9xnl,cysk2vc,Yes - Direct Content,Yes - Direct Expression,Yes - Content opposes someone else,Yes - Expression is emotional/forceful,nikhil,done,2024-02-16 10:35:59.486321
cys9xnl,cyslbuz,Yes - Direct Content,No - Indirect Expression,Yes - Content opposes someone else,No - Expression is not emotional/forceful,nikhil,done,2024-02-16 10:36:00.239345
cys9xnl,cyslw2z_1,Yes - Direct Content,No - Indirect Expression,Yes - Content opposes someone else,Yes - Expression is emotional/forceful,nikhil,done,2024-02-16 10:36:00.859794
cys9xnl,cyslw2z_2,Yes - Direct Content,Yes - Direct Expression,Yes - Content opposes someone else,Yes - Expression is emotional/forceful,nikhil,done,2024-02-16 10:36:01.492156
cys9xnl,cysm6pl_1,Yes - Direct Content,Yes - Direct Expression,Yes - Content opposes someone else,Yes - Expression is emotional/forceful,nikhil,done,2024-02-16 10:36:02.140182
cys9xnl,cysm6pl_2,Yes - Direct Content,Yes - Direct Expression,Yes - Content opposes someone else,No - Expression is not emotional/forceful,nikhil,done,2024-02-16 10:36:02.885145
d164d22,d164d22,Yes - Direct Content,Yes - Direct Expression,Yes - Content opposes someone else,No - Expression is not emotional/forceful,nikhil,done,2024-02-16 10:36:03.547043
d164d22,d164s76,Yes - Direct Content,Yes - Direct Expression,Yes - Content opposes someone else,No - Expression is not emotional/forceful,nikhil,done,2024-02-16 10:36:04.154408
d164d22,d165mtu_1,Yes - Direct Content,No - Indirect Expression,Yes - Content opposes someone else,No - Expression is not emotional/forceful,nikhil,done,2024-02-16 10:36:04.792505
d164d22,d165mtu_2,Yes - Direct Content,Yes - Direct Expression,Yes - Content opposes someone else,Yes - Expression is emotional/forceful,nikhil,done,2024-02-16 10:36:05.440436
d164d22,d16ag4s,Yes - Direct Content,No - Indirect Expression,Yes - Content opposes someone else,No - Expression is not emotional/forceful,nikhil,done,2024-02-16 10:36:06.117271
d164d22,d16akdb,Yes - Direct Content,Yes - Direct Expression,No - Content does not oppose anyone,No - Expression is not emotional/forceful,nikhil,done,2024-02-16 10:36:06.880261
d164d22,d16at8t,Yes - Direct Content,No - Indirect Expression,Yes - Content opposes someone else,No - Expression is not emotional/forceful,nikhil,done,2024-02-16 10:36:07.510634
d4hcjto,d4hcjto,Yes - Direct Content,Yes - Direct Expression,Yes - Content opposes someone else,No - Expression is not emotional/forceful,nikhil,done,2024-02-16 10:36:08.188148
d4hcjto,d4hcl84,Yes - Direct Content,No - Indirect Expression,Yes - Content opposes someone else,No - Expression is not emotional/forceful,nikhil,done,2024-02-16 10:36:08.798709
d4hcjto,d4hcn8a,Yes - Direct Content,Yes - Direct Expression,Yes - Content opposes someone else,No - Expression is not emotional/forceful,nikhil,done,2024-02-16 10:36:09.451170
d4hcjto,d4hcon6_1,Yes - Direct Content,No - Indirect Expression,Yes - Content opposes someone else,Yes - Expression is emotional/forceful,nikhil,done,2024-02-16 10:36:10.087827
d4hcjto,d4hcon6_2,Yes - Direct Content,No - Indirect Expression,No - Content does not oppose anyone,No - Expression is not emotional/forceful,nikhil,done,2024-02-16 10:36:10.742993
d4hcjto,d4hcvk6,Yes - Direct Content,Yes - Direct Expression,Yes - Content opposes someone else,No - Expression is not emotional/forceful,nikhil,done,2024-02-16 10:36:11.363118
d4hcjto,d4hd9kk_1,Neutral - Content contains no opinion,Yes - Direct Expression,Yes - Content opposes someone else,No - Expression is not emotional/forceful,nikhil,done,2024-02-16 10:36:11.999030
d4hcjto,d4hd9kk_2,Yes - Direct Content,Yes - Direct Expression,Yes - Content opposes someone else,No - Expression is not emotional/forceful,nikhil,done,2024-02-16 10:36:22.660694
d4hcjto,d4hdz6j,Yes - Direct Content,No - Indirect Expression,Yes - Content opposes someone else,No - Expression is not emotional/forceful,nikhil,done,2024-02-16 10:36:23.310040
d4hcjto,d4he2iq,Yes - Direct Content,Yes - Direct Expression,Yes - Content opposes someone else,No - Expression is not emotional/forceful,nikhil,done,2024-02-16 10:36:23.962655
dzgz6m2,dzgz6m2_1,Yes - Direct Content,Yes - Direct Expression,Yes - Content opposes someone else,No - Expression is not emotional/forceful,nikhil,done,2024-02-16 10:36:24.597626
dzgz6m2,dzgz6m2_2,Yes - Direct Content,Yes - Direct Expression,Yes - Content opposes someone else,No - Expression is not emotional/forceful,nikhil,done,2024-02-16 10:36:25.206713
dzgz6m2,dzh0psx_1,Yes - Direct Content,Yes - Direct Expression,Yes - Content opposes someone else,Yes - Expression is emotional/forceful,nikhil,done,2024-02-16 10:36:26.031065
dzgz6m2,dzh0psx_2,Yes - Direct Content,Yes - Direct Expression,Yes - Content opposes someone else,No - Expression is not emotional/forceful,nikhil,done,2024-02-16 10:36:26.656867
dzgz6m2,dzh0xpe,Yes - Direct Content,Yes - Direct Expression,Yes - Content opposes someone else,No - Expression is not emotional/forceful,nikhil,done,2024-02-16 10:36:27.250671
e6ciwm3,e6ciwm3_1,Yes - Direct Content,No - Indirect Expression,Yes - Content opposes someone else,No - Expression is not emotional/forceful,nikhil,done,2024-02-16 10:36:28.054094
e6ciwm3,e6ciwm3_2,Yes - Direct Content,Yes - Direct Expression,Yes - Content opposes someone else,No - Expression is not emotional/forceful,nikhil,done,2024-02-16 10:36:28.848088
e6ciwm3,e6ciwm3_3,Yes - Direct Content,Yes - Direct Expression,Yes - Content opposes someone else,No - Expression is not emotional/forceful,nikhil,done,2024-02-16 10:36:29.594799
e6ciwm3,e6ciwm3_4,Yes - Direct Content,Yes - Direct Expression,Yes - Content opposes someone else,Yes - Expression is emotional/forceful,nikhil,done,2024-02-16 10:36:30.233442
e6ciwm3,e6cjudx_1,Yes - Direct Content,Yes - Direct Expression,Yes - Content opposes someone else,No - Expression is not emotional/forceful,nikhil,done,2024-02-16 10:36:30.864547
e6ciwm3,e6cjudx_2,Yes - Direct Content,Yes - Direct Expression,Yes - Content opposes someone else,No - Expression is not emotional/forceful,nikhil,done,2024-02-16 10:36:31.507179
e6ciwm3,e6clcvs_1,Yes - Direct Content,Yes - Direct Expression,Yes - Content opposes someone else,No - Expression is not emotional/forceful,nikhil,done,2024-02-16 10:36:32.151973
e6ciwm3,e6clcvs_2,Yes - Direct Content,Yes - Direct Expression,No - Content does not oppose anyone,No - Expression is not emotional/forceful,nikhil,done,2024-02-16 10:36:32.970991
e6ciwm3,e6clcvs_3,Yes - Direct Content,Yes - Direct Expression,Yes - Content opposes someone else,No - Expression is not emotional/forceful,nikhil,done,2024-02-16 10:36:33.612072
e6ciwm3,e6clcvs_4,Yes - Direct Content,Yes - Direct Expression,Yes - Content opposes someone else,Yes - Expression is emotional/forceful,nikhil,done,2024-02-16 10:36:34.229415
e6ciwm3,e6clcvs_5,Yes - Direct Content,Yes - Direct Expression,Yes - Content opposes someone else,No - Expression is not emotional/forceful,nikhil,done,2024-02-16 10:36:34.878713
e6ciwm3,e6csi4d,Yes - Direct Content,Yes - Direct Expression,Yes - Content opposes someone else,No - Expression is not emotional/forceful,nikhil,done,2024-02-16 10:36:35.818019
e6ciwm3,e6ctqqw_1,Yes - Direct Content,Yes - Direct Expression,Yes - Content opposes someone else,No - Expression is not emotional/forceful,nikhil,done,2024-02-16 10:36:46.872636
e6ciwm3,e6ctqqw_2,Yes - Direct Content,Yes - Direct Expression,Yes - Content opposes someone else,No - Expression is not emotional/forceful,nikhil,done,2024-02-16 10:36:47.500305
e6ciwm3,e6ctqqw_3,Yes - Direct Content,Yes - Direct Expression,Yes - Content opposes someone else,No - Expression is not emotional/forceful,nikhil,done,2024-02-16 10:36:48.123542
e6ciwm3,e6ctqqw_4,Yes - Direct Content,Yes - Direct Expression,Yes - Content opposes someone else,No - Expression is not emotional/forceful,nikhil,done,2024-02-16 10:36:48.757694
e6ciwm3,e6ctqqw_5,Yes - Direct Content,Yes - Direct Expression,Yes - Content opposes someone else,No - Expression is not emotional/forceful,nikhil,done,2024-02-16 10:36:49.499984
e6ciwm3,e6ctqqw_6,Yes - Direct Content,Yes - Direct Expression,Yes - Content opposes someone else,No - Expression is not emotional/forceful,nikhil,done,2024-02-16 10:36:50.135089
e6ciwm3,e6d3cso_1,Yes - Direct Content,Yes - Direct Expression,Yes - Content opposes someone else,No - Expression is not emotional/forceful,nikhil,done,2024-02-16 10:36:50.772575
e6ciwm3,e6d3cso_2,Yes - Direct Content,Yes - Direct Expression,Yes - Content opposes someone else,No - Expression is not emotional/forceful,nikhil,done,2024-02-16 10:36:51.473475
e6ciwm3,e6d3cso_3,Yes - Direct Content,Yes - Direct Expression,Yes - Content opposes someone else,No - Expression is not emotional/forceful,nikhil,done,2024-02-16 10:36:52.124856
e6ciwm3,e6d3cso_4,Yes - Direct Content,Yes - Direct Expression,Yes - Content opposes someone else,No - Expression is not emotional/forceful,nikhil,done,2024-02-16 10:36:52.779530
e6ciwm3,e6d3cso_5,Yes - Direct Content,No - Indirect Expression,Yes - Content opposes someone else,No - Expression is not emotional/forceful,nikhil,done,2024-02-16 10:36:53.460304
e6ciwm3,e6d3v4s_1,Yes - Direct Content,Yes - Direct Expression,Yes - Content opposes someone else,No - Expression is not emotional/forceful,nikhil,done,2024-02-16 10:36:54.160650
e6ciwm3,e6d3v4s_2,Yes - Direct Content,Yes - Direct Expression,Yes - Content opposes someone else,No - Expression is not emotional/forceful,nikhil,done,2024-02-16 10:36:54.895285
e6ciwm3,e6d3v4s_3,Yes - Direct Content,No - Indirect Expression,Yes - Content opposes someone else,No - Expression is not emotional/forceful,nikhil,done,2024-02-16 10:36:55.563126
e6ciwm3,e6d4v67_1,Yes - Direct Content,Yes - Direct Expression,Yes - Content opposes someone else,No - Expression is not emotional/forceful,nikhil,done,2024-02-16 10:36:56.206368
e6ciwm3,e6d4v67_2,Yes - Direct Content,No - Indirect Expression,Yes - Content opposes someone else,No - Expression is not emotional/forceful,nikhil,done,2024-02-16 10:36:56.847257
e6ciwm3,e6d4v67_3,Yes - Direct Content,Yes - Direct Expression,Yes - Content opposes someone else,No - Expression is not emotional/forceful,nikhil,done,2024-02-16 10:36:57.562331
e6ciwm3,e6d4v67_4,Yes - Direct Content,Yes - Direct Expression,Yes - Content opposes someone else,No - Expression is not emotional/forceful,nikhil,done,2024-02-16 10:36:58.196263
e6ciwm3,e6d4v67_5,Yes - Direct Content,Yes - Direct Expression,Yes - Content opposes someone else,No - Expression is not emotional/forceful,nikhil,done,2024-02-16 10:36:58.838453
e6ciwm3,e6d4v67_6,Yes - Direct Content,Yes - Direct Expression,Yes - Content opposes someone else,No - Expression is not emotional/forceful,nikhil,done,2024-02-16 10:36:59.473085
e6ciwm3,e6d4v67_7,Yes - Direct Content,Yes - Direct Expression,Yes - Content opposes someone else,No - Expression is not emotional/forceful,nikhil,done,2024-02-16 10:37:10.204671
e6ciwm3,e6d5ndb,Yes - Direct Content,No - Indirect Expression,Yes - Content opposes someone else,No - Expression is not emotional/forceful,nikhil,done,2024-02-16 10:37:11.140501
e6ciwm3,e6d644s_1,Yes - Direct Content,Yes - Direct Expression,Yes - Content opposes someone else,No - Expression is not emotional/forceful,nikhil,done,2024-02-16 10:37:11.814287
e6ciwm3,e6d69zl_1,Yes - Direct Content,No - Indirect Expression,Yes - Content opposes someone else,Yes - Expression is emotional/forceful,nikhil,done,2024-02-16 10:37:12.467346
e6ciwm3,e6d69zl_2,Yes - Direct Content,No - Indirect Expression,Yes - Content opposes someone else,Yes - Expression is emotional/forceful,nikhil,done,2024-02-16 10:37:13.082389
e6ciwm3,e6d6hj8_1,Yes - Direct Content,No - Indirect Expression,Yes - Content opposes someone else,No - Expression is not emotional/forceful,nikhil,done,2024-02-16 10:37:13.715629
e6ciwm3,e6d6hj8_2,Yes - Direct Content,Yes - Direct Expression,Yes - Content opposes someone else,No - Expression is not emotional/forceful,nikhil,done,2024-02-16 10:37:14.347947
e6ciwm3,e6d6hj8_3,Yes - Direct Content,Yes - Direct Expression,Yes - Content opposes someone else,No - Expression is not emotional/forceful,nikhil,done,2024-02-16 10:37:15.017290
dbrj3ub,dbrj3ub_1,Yes - Direct Content,Yes - Direct Expression,Yes - Content opposes someone else,No - Expression is not emotional/forceful,nikhil,done,2024-02-16 10:37:15.657240
dbrj3ub,dbrj3ub_2,Yes - Direct Content,Yes - Direct Expression,No - Content does not oppose anyone,No - Expression is not emotional/forceful,nikhil,done,2024-02-16 10:37:16.451896
dbrj3ub,dbrj3ub_3,Yes - Direct Content,Yes - Direct Expression,Yes - Content opposes someone else,No - Expression is not emotional/forceful,nikhil,done,2024-02-16 10:37:17.241760
dbrj3ub,dbrj3ub_4,Yes - Direct Content,Yes - Direct Expression,Yes - Content opposes someone else,No - Expression is not emotional/forceful,nikhil,done,2024-02-16 10:37:17.888016
dbrj3ub,dbrlkqg,Neutral - Content contains no opinion,Yes - Direct Expression,Yes - Content opposes someone else,No - Expression is not emotional/forceful,nikhil,done,2024-02-16 10:37:18.532168
dbrj3ub,dbrlwus_1,Yes - Direct Content,Yes - Direct Expression,Yes - Content opposes someone else,No - Expression is not emotional/forceful,nikhil,done,2024-02-16 10:37:19.208989
dbrj3ub,dbrlwus_2,Neutral - Content contains no opinion,Yes - Direct Expression,Yes - Content opposes someone else,No - Expression is not emotional/forceful,nikhil,done,2024-02-16 10:37:19.888779
dbrj3ub,dbrm6zn,Yes - Direct Content,Yes - Direct Expression,Yes - Content opposes someone else,No - Expression is not emotional/forceful,nikhil,done,2024-02-16 10:37:20.557770
dbrj3ub,dbrmdcs,Yes - Direct Content,Yes - Direct Expression,No - Content does not oppose anyone,Yes - Expression is emotional/forceful,nikhil,done,2024-02-16 10:37:21.211794
dbrj3ub,dbrmue8_1,Yes - Direct Content,Yes - Direct Expression,Yes - Content opposes someone else,No - Expression is not emotional/forceful,nikhil,done,2024-02-16 10:37:21.836861
dbrj3ub,dbrmue8_2,Yes - Direct Content,Yes - Direct Expression,Yes - Content opposes someone else,No - Expression is not emotional/forceful,nikhil,done,2024-02-16 10:37:22.489558
de92e7n,de92e7n,Yes - Direct Content,Yes - Direct Expression,Yes - Content opposes someone else,No - Expression is not emotional/forceful,nikhil,done,2024-02-16 10:37:23.125140
de92e7n,de9sp4o,Yes - Direct Content,Yes - Direct Expression,Yes - Content opposes someone else,No - Expression is not emotional/forceful,nikhil,done,2024-02-16 10:37:33.772051
de92e7n,de9wr2x_1,Yes - Direct Content,No - Indirect Expression,Yes - Content opposes someone else,No - Expression is not emotional/forceful,nikhil,done,2024-02-16 10:37:34.410920
de92e7n,de9wr2x_2,Yes - Direct Content,Yes - Direct Expression,Yes - Content opposes someone else,No - Expression is not emotional/forceful,nikhil,done,2024-02-16 10:37:35.046189
d5q07u2,d5q07u2,Yes - Direct Content,Yes - Direct Expression,Yes - Content opposes someone else,No - Expression is not emotional/forceful,nikhil,done,2024-02-16 10:37:35.672539
d5q07u2,d5q0fkh,Yes - Direct Content,No - Indirect Expression,Yes - Content opposes someone else,No - Expression is not emotional/forceful,nikhil,done,2024-02-16 10:37:36.328633
d5q07u2,d5q0wdg,Yes - Direct Content,Yes - Direct Expression,Yes - Content opposes someone else,No - Expression is not emotional/forceful,nikhil,done,2024-02-16 10:37:36.955513
d5q07u2,d5q3eh6,Yes - Direct Content,Yes - Direct Expression,No - Content does not oppose anyone,No - Expression is not emotional/forceful,nikhil,done,2024-02-16 10:37:37.578811
d85vi9n,d85vi9n_1,Yes - Direct Content,Yes - Direct Expression,Yes - Content opposes someone else,No - Expression is not emotional/forceful,nikhil,done,2024-02-16 10:37:38.236664
d85vi9n,d85vi9n_2,Yes - Direct Content,No - Indirect Expression,Yes - Content opposes someone else,No - Expression is not emotional/forceful,nikhil,done,2024-02-16 10:37:38.884065
d85vi9n,d85vi9n_3,Yes - Direct Content,Yes - Direct Expression,Yes - Content opposes someone else,No - Expression is not emotional/forceful,nikhil,done,2024-02-16 10:37:39.505965
d85vi9n,d85vi9n_4,Yes - Direct Content,Yes - Direct Expression,Yes - Content opposes someone else,No - Expression is not emotional/forceful,nikhil,done,2024-02-16 10:37:40.158745
d85vi9n,d85vi9n_5,Yes - Direct Content,Yes - Direct Expression,Yes - Content opposes someone else,No - Expression is not emotional/forceful,nikhil,done,2024-02-16 10:37:40.797699
d85vi9n,d85vi9n_6,Yes - Direct Content,Yes - Direct Expression,Yes - Content opposes someone else,Yes - Expression is emotional/forceful,nikhil,done,2024-02-16 10:37:41.421404
d85vi9n,d85xpyt_1,Yes - Direct Content,Yes - Direct Expression,Yes - Content opposes someone else,No - Expression is not emotional/forceful,nikhil,done,2024-02-16 10:37:42.072805
d85vi9n,d85xpyt_2,Yes - Direct Content,Yes - Direct Expression,Yes - Content opposes someone else,No - Expression is not emotional/forceful,nikhil,done,2024-02-16 10:37:42.687757
d85vi9n,d85xpyt_3,Yes - Direct Content,Yes - Direct Expression,Yes - Content opposes someone else,No - Expression is not emotional/forceful,nikhil,done,2024-02-16 10:37:43.332088
d85vi9n,d85y4rt_1,Yes - Direct Content,Yes - Direct Expression,Yes - Content opposes someone else,No - Expression is not emotional/forceful,nikhil,done,2024-02-16 10:37:43.953194
d85vi9n,d85y4rt_2,Yes - Direct Content,No - Indirect Expression,Yes - Content opposes someone else,No - Expression is not emotional/forceful,nikhil,done,2024-02-16 10:37:44.574155
d85vi9n,d85z3im_1,Yes - Direct Content,Yes - Direct Expression,Yes - Content opposes someone else,No - Expression is not emotional/forceful,nikhil,done,2024-02-16 10:37:45.237784
d85vi9n,d85z3im_2,Yes - Direct Content,Yes - Direct Expression,Yes - Content opposes someone else,No - Expression is not emotional/forceful,nikhil,done,2024-02-16 10:37:45.928650
d85vi9n,d85zj9e_1,Yes - Direct Content,Yes - Direct Expression,Yes - Content opposes someone else,No - Expression is not emotional/forceful,nikhil,done,2024-02-16 10:37:56.741639
d85vi9n,d85zj9e_2,Yes - Direct Content,Yes - Direct Expression,Yes - Content opposes someone else,No - Expression is not emotional/forceful,nikhil,done,2024-02-16 10:37:57.379071
d85vi9n,d85zj9e_3,Yes - Direct Content,Yes - Direct Expression,Yes - Content opposes someone else,No - Expression is not emotional/forceful,nikhil,done,2024-02-16 10:37:57.997030
d85vi9n,d860jzy_1,Yes - Direct Content,Yes - Direct Expression,Yes - Content opposes someone else,No - Expression is not emotional/forceful,nikhil,done,2024-02-16 10:37:58.640793
d85vi9n,d860jzy_2,Yes - Direct Content,Yes - Direct Expression,Yes - Content opposes someone else,No - Expression is not emotional/forceful,nikhil,done,2024-02-16 10:37:59.432301
d85vi9n,d860jzy_3,Yes - Direct Content,Yes - Direct Expression,Yes - Content opposes someone else,No - Expression is not emotional/forceful,nikhil,done,2024-02-16 10:38:00.079240
d85vi9n,d860jzy_4,Yes - Direct Content,No - Indirect Expression,Yes - Content opposes someone else,No - Expression is not emotional/forceful,nikhil,done,2024-02-16 10:38:00.694693
d85vi9n,d864huv_1,Yes - Direct Content,Yes - Direct Expression,Yes - Content opposes someone else,No - Expression is not emotional/forceful,nikhil,done,2024-02-16 10:38:01.458486
d85vi9n,d864huv_2,Yes - Direct Content,Yes - Direct Expression,Yes - Content opposes someone else,No - Expression is not emotional/forceful,nikhil,done,2024-02-16 10:38:02.213915
d85vi9n,d864huv_3,Yes - Direct Content,Yes - Direct Expression,Yes - Content opposes someone else,No - Expression is not emotional/forceful,nikhil,done,2024-02-16 10:38:02.877970
d85vi9n,d86bqrm_1,Yes - Direct Content,Yes - Direct Expression,Yes - Content opposes someone else,No - Expression is not emotional/forceful,nikhil,done,2024-02-16 10:38:03.526481
d85vi9n,d86bqrm_2,Yes - Direct Content,No - Indirect Expression,Yes - Content opposes someone else,No - Expression is not emotional/forceful,nikhil,done,2024-02-16 10:38:04.163158
d85vi9n,d86bzje_1,Yes - Direct Content,No - Indirect Expression,Yes - Content opposes someone else,No - Expression is not emotional/forceful,nikhil,done,2024-02-16 10:38:04.788497
d85vi9n,d86bzje_2,Yes - Direct Content,Yes - Direct Expression,Yes - Content opposes someone else,No - Expression is not emotional/forceful,nikhil,done,2024-02-16 10:38:05.431088
d85vi9n,d86cm12_1,Yes - Direct Content,Yes - Direct Expression,Yes - Content opposes someone else,No - Expression is not emotional/forceful,nikhil,done,2024-02-16 10:38:06.079649
d85vi9n,d86cm12_2,Yes - Direct Content,No - Indirect Expression,Yes - Content opposes someone else,No - Expression is not emotional/forceful,nikhil,done,2024-02-16 10:38:06.706155
d85vi9n,d86cm12_3,Yes - Direct Content,Yes - Direct Expression,Yes - Content opposes someone else,No - Expression is not emotional/forceful,nikhil,done,2024-02-16 10:38:07.349809
d85vi9n,d86dx8t_1,Yes - Direct Content,Yes - Direct Expression,Yes - Content opposes someone else,No - Expression is not emotional/forceful,nikhil,done,2024-02-16 10:38:08.111403
d85vi9n,d86dx8t_2,Yes - Direct Content,No - Indirect Expression,Yes - Content opposes someone else,No - Expression is not emotional/forceful,nikhil,done,2024-02-16 10:38:08.732667
d85vi9n,d86dx8t_3,Yes - Direct Content,Yes - Direct Expression,Yes - Content opposes someone else,No - Expression is not emotional/forceful,nikhil,done,2024-02-16 10:38:09.379004
d85vi9n,d86dx8t_4,Yes - Direct Content,Yes - Direct Expression,Yes - Content opposes someone else,No - Expression is not emotional/forceful,nikhil,done,2024-02-16 10:38:20.037510
d85vi9n,d86dx8t_5,Yes - Direct Content,Yes - Direct Expression,Yes - Content opposes someone else,No - Expression is not emotional/forceful,nikhil,done,2024-02-16 10:38:20.680514
61_B,t3_2qr8gn,Yes - Direct Content,Yes - Direct Expression,Yes - Content opposes someone else,No - Expression is not emotional/forceful,nikhil,done,2024-02-16 10:38:21.321029
61_B,t1_cn9b5po_1,Yes - Direct Content,Yes - Direct Expression,Yes - Content opposes someone else,No - Expression is not emotional/forceful,nikhil,done,2024-02-16 10:38:21.974957
61_B,t1_cn9b5po_2,Yes - Direct Content,Yes - Direct Expression,Yes - Content opposes someone else,No - Expression is not emotional/forceful,nikhil,done,2024-02-16 10:38:22.586677
61_B,t1_cn9b5po_3,Yes - Direct Content,Yes - Direct Expression,Yes - Content opposes someone else,No - Expression is not emotional/forceful,nikhil,done,2024-02-16 10:38:23.210306
61_B,t1_cn9b5po_4,Yes - Direct Content,Yes - Direct Expression,Yes - Content opposes someone else,No - Expression is not emotional/forceful,nikhil,done,2024-02-16 10:38:23.822754
61_B,t1_cn9b5po_5,Yes - Direct Content,Yes - Direct Expression,Yes - Content opposes someone else,No - Expression is not emotional/forceful,nikhil,done,2024-02-16 10:38:24.476407
61_B,t1_cn9b5po_6,Yes - Direct Content,Yes - Direct Expression,Yes - Content opposes someone else,No - Expression is not emotional/forceful,nikhil,done,2024-02-16 10:38:25.108611
61_B,t1_cn9b5po_7,Yes - Direct Content,Yes - Direct Expression,Yes - Content opposes someone else,No - Expression is not emotional/forceful,nikhil,done,2024-02-16 10:38:25.771286
61_B,t1_cn9b5po_8,Yes - Direct Content,Yes - Direct Expression,Yes - Content opposes someone else,No - Expression is not emotional/forceful,nikhil,done,2024-02-16 10:38:26.520848
61_B,t1_cn9j8n8,Yes - Direct Content,Yes - Direct Expression,No - Content does not oppose anyone,No - Expression is not emotional/forceful,nikhil,done,2024-02-16 10:38:27.138315
835_A,t3_2bo66v,Yes - Direct Content,Yes - Direct Expression,Yes - Content opposes someone else,No - Expression is not emotional/forceful,nikhil,done,2024-02-16 10:32:23.616034
835_A,t1_cj7geua_1,Yes - Direct Content,Yes - Direct Expression,Yes - Content opposes someone else,No - Expression is not emotional/forceful,nikhil,done,2024-02-16 10:38:28.473974
835_A,t1_cj7geua_2,Yes - Direct Content,Yes - Direct Expression,Yes - Content opposes someone else,No - Expression is not emotional/forceful,nikhil,done,2024-02-16 10:38:29.106654
1278_B,t3_24c5qv,Yes - Direct Content,Yes - Direct Expression,Yes - Content opposes someone else,Yes - Expression is emotional/forceful,nikhil,done,2024-02-16 10:32:25.557276
1278_B,t1_ch5oa5w,Yes - Direct Content,Yes - Direct Expression,Yes - Content opposes someone else,Yes - Expression is emotional/forceful,nikhil,done,2024-02-16 10:38:30.374964
1278_B,t1_ch5og13_1,Yes - Direct Content,Yes - Direct Expression,No - Content does not oppose anyone,No - Expression is not emotional/forceful,nikhil,done,2024-02-16 10:38:30.989857
1778_A,t3_1v2buu,Yes - Direct Content,Yes - Direct Expression,Yes - Content opposes someone else,No - Expression is not emotional/forceful,nikhil,done,2024-02-16 10:27:30.436854
1778_A,t1_ceo0vsq,Yes - Direct Content,Yes - Direct Expression,No - Content does not oppose anyone,No - Expression is not emotional/forceful,nikhil,done,2024-02-16 10:38:32.473004
1778_A,t1_ceo1051,Yes - Direct Content,Yes - Direct Expression,No - Content does not oppose anyone,No - Expression is not emotional/forceful,nikhil,done,2024-02-16 10:38:43.140024
1811_B,t3_1udlql,Yes - Direct Content,Yes - Direct Expression,Yes - Content opposes someone else,No - Expression is not emotional/forceful,nikhil,done,2024-02-16 10:32:38.976274
1811_B,t1_ceh07bk_1,Yes - Direct Content,Yes - Direct Expression,Yes - Content opposes someone else,No - Expression is not emotional/forceful,nikhil,done,2024-02-16 10:38:44.400068
1811_B,t1_ceh07bk_2,Yes - Direct Content,Yes - Direct Expression,Yes - Content opposes someone else,No - Expression is not emotional/forceful,nikhil,done,2024-02-16 10:38:45.032522
1811_B,t1_ceh0b84_1,Yes - Direct Content,Yes - Direct Expression,No - Content does not oppose anyone,No - Expression is not emotional/forceful,nikhil,done,2024-02-16 10:38:46.020262
1811_B,t1_ceh0b84_2,Yes - Direct Content,Yes - Direct Expression,No - Content does not oppose anyone,No - Expression is not emotional/forceful,nikhil,done,2024-02-16 10:38:46.649854
3057_A,t3_30oi71,Yes - Direct Content,Yes - Direct Expression,Yes - Content opposes someone else,No - Expression is not emotional/forceful,nikhil,done,2024-02-16 10:32:41.966321
3057_A,t1_cpuh9jr_1,Yes - Direct Content,Yes - Direct Expression,Yes - Content opposes someone else,No - Expression is not emotional/forceful,nikhil,done,2024-02-16 10:38:47.943958
3057_A,t1_cpuh9jr_2,Yes - Direct Content,Yes - Direct Expression,Yes - Content opposes someone else,No - Expression is not emotional/forceful,nikhil,done,2024-02-16 10:38:48.584026
3057_A,t1_cpuh9jr_3,No - Indirect Content,Yes - Direct Expression,Yes - Content opposes someone else,No - Expression is not emotional/forceful,nikhil,done,2024-02-16 10:38:49.228614
cys9xnl,cys9xnl,Yes - Direct Content,Yes - Direct Expression,Yes - Content opposes someone else,No - Expression is not emotional/forceful,helena,done,2024-02-16 10:35:45.622705
cys9xnl,cysac2e_1,Yes - Direct Content,Yes - Direct Expression,No - Content does not oppose anyone,No - Expression is not emotional/forceful,helena,done,2024-02-16 10:35:46.250648
cys9xnl,cysac2e_2,Yes - Direct Content,Yes - Direct Expression,Yes - Content opposes someone else,No - Expression is not emotional/forceful,helena,done,2024-02-16 10:35:46.885103
cys9xnl,cyshwie_1,Yes - Direct Content,No - Indirect Expression,Yes - Content opposes someone else,No - Expression is not emotional/forceful,helena,done,2024-02-16 10:35:47.496485
cys9xnl,cysj01x,Yes - Direct Content,No - Indirect Expression,Yes - Content opposes someone else,No - Expression is not emotional/forceful,helena,done,2024-02-16 10:35:48.145349
cys9xnl,cysj8t8_1,Yes - Direct Content,Yes - Direct Expression,Yes - Content opposes someone else,No - Expression is not emotional/forceful,helena,done,2024-02-16 10:35:48.761811
cys9xnl,cysk2vc,Yes - Direct Content,Yes - Direct Expression,Yes - Content opposes someone else,Yes - Expression is emotional/forceful,helena,done,2024-02-16 10:35:59.486321
cys9xnl,cyslbuz,Yes - Direct Content,No - Indirect Expression,Yes - Content opposes someone else,No - Expression is not emotional/forceful,helena,done,2024-02-16 10:36:00.239345
cys9xnl,cyslw2z_1,Yes - Direct Content,No - Indirect Expression,Yes - Content opposes someone else,Yes - Expression is emotional/forceful,helena,done,2024-02-16 10:36:00.859794
cys9xnl,cyslw2z_2,Yes - Direct Content,Yes - Direct Expression,Yes - Content opposes someone else,Yes - Expression is emotional/forceful,helena,done,2024-02-16 10:36:01.492156
cys9xnl,cysm6pl_1,Yes - Direct Content,Yes - Direct Expression,Yes - Content opposes someone else,Yes - Expression is emotional/forceful,helena,done,2024-02-16 10:36:02.140182
cys9xnl,cysm6pl_2,Yes - Direct Content,Yes - Direct Expression,Yes - Content opposes someone else,No - Expression is not emotional/forceful,helena,done,2024-02-16 10:36:02.885145
d164d22,d164d22,Yes - Direct Content,Yes - Direct Expression,Yes - Content opposes someone else,No - Expression is not emotional/forceful,helena,done,2024-02-16 10:36:03.547043
d164d22,d164s76,Yes - Direct Content,Yes - Direct Expression,Yes - Content opposes someone else,No - Expression is not emotional/forceful,helena,done,2024-02-16 10:36:04.154408
d164d22,d165mtu_1,Yes - Direct Content,No - Indirect Expression,Yes - Content opposes someone else,No - Expression is not emotional/forceful,helena,done,2024-02-16 10:36:04.792505
d164d22,d165mtu_2,Yes - Direct Content,Yes - Direct Expression,Yes - Content opposes someone else,Yes - Expression is emotional/forceful,helena,done,2024-02-16 10:36:05.440436
d164d22,d16ag4s,Yes - Direct Content,No - Indirect Expression,Yes - Content opposes someone else,No - Expression is not emotional/forceful,helena,done,2024-02-16 10:36:06.117271
d164d22,d16akdb,Yes - Direct Content,Yes - Direct Expression,No - Content does not oppose anyone,No - Expression is not emotional/forceful,helena,done,2024-02-16 10:36:06.880261
d164d22,d16at8t,Yes - Direct Content,No - Indirect Expression,Yes - Content opposes someone else,No - Expression is not emotional/forceful,helena,done,2024-02-16 10:36:07.510634
d4hcjto,d4hcjto,Yes - Direct Content,Yes - Direct Expression,Yes - Content opposes someone else,No - Expression is not emotional/forceful,helena,done,2024-02-16 10:36:08.188148
d4hcjto,d4hcl84,Yes - Direct Content,No - Indirect Expression,Yes - Content opposes someone else,No - Expression is not emotional/forceful,helena,done,2024-02-16 10:36:08.798709
d4hcjto,d4hcn8a,Yes - Direct Content,Yes - Direct Expression,Yes - Content opposes someone else,No - Expression is not emotional/forceful,helena,done,2024-02-16 10:36:09.451170
d4hcjto,d4hcon6_1,Yes - Direct Content,No - Indirect Expression,Yes - Content opposes someone else,Yes - Expression is emotional/forceful,helena,done,2024-02-16 10:36:10.087827
d4hcjto,d4hcon6_2,Yes - Direct Content,No - Indirect Expression,No - Content does not oppose anyone,No - Expression is not emotional/forceful,helena,done,2024-02-16 10:36:10.742993
d4hcjto,d4hcvk6,Yes - Direct Content,Yes - Direct Expression,Yes - Content opposes someone else,No - Expression is not emotional/forceful,helena,done,2024-02-16 10:36:11.363118
d4hcjto,d4hd9kk_1,Neutral - Content contains no opinion,Yes - Direct Expression,Yes - Content opposes someone else,No - Expression is not emotional/forceful,helena,done,2024-02-16 10:36:11.999030
d4hcjto,d4hd9kk_2,Yes - Direct Content,Yes - Direct Expression,Yes - Content opposes someone else,No - Expression is not emotional/forceful,helena,done,2024-02-16 10:36:22.660694
d4hcjto,d4hdz6j,Yes - Direct Content,No - Indirect Expression,Yes - Content opposes someone else,No - Expression is not emotional/forceful,helena,done,2024-02-16 10:36:23.310040
d4hcjto,d4he2iq,Yes - Direct Content,Yes - Direct Expression,Yes - Content opposes someone else,No - Expression is not emotional/forceful,helena,done,2024-02-16 10:36:23.962655
dzgz6m2,dzgz6m2_1,Yes - Direct Content,Yes - Direct Expression,Yes - Content opposes someone else,No - Expression is not emotional/forceful,helena,done,2024-02-16 10:36:24.597626
dzgz6m2,dzgz6m2_2,Yes - Direct Content,Yes - Direct Expression,Yes - Content opposes someone else,No - Expression is not emotional/forceful,helena,done,2024-02-16 10:36:25.206713
dzgz6m2,dzh0psx_1,Yes - Direct Content,Yes - Direct Expression,Yes - Content opposes someone else,Yes - Expression is emotional/forceful,helena,done,2024-02-16 10:36:26.031065
dzgz6m2,dzh0psx_2,Yes - Direct Content,Yes - Direct Expression,Yes - Content opposes someone else,No - Expression is not emotional/forceful,helena,done,2024-02-16 10:36:26.656867
dzgz6m2,dzh0xpe,Yes - Direct Content,Yes - Direct Expression,Yes - Content opposes someone else,No - Expression is not emotional/forceful,helena,done,2024-02-16 10:36:27.250671
e6ciwm3,e6ciwm3_1,Yes - Direct Content,No - Indirect Expression,Yes - Content opposes someone else,No - Expression is not emotional/forceful,helena,done,2024-02-16 10:36:28.054094
e6ciwm3,e6ciwm3_2,Yes - Direct Content,Yes - Direct Expression,Yes - Content opposes someone else,No - Expression is not emotional/forceful,helena,done,2024-02-16 10:36:28.848088
e6ciwm3,e6ciwm3_3,Yes - Direct Content,Yes - Direct Expression,Yes - Content opposes someone else,No - Expression is not emotional/forceful,helena,done,2024-02-16 10:36:29.594799
e6ciwm3,e6ciwm3_4,Yes - Direct Content,Yes - Direct Expression,Yes - Content opposes someone else,Yes - Expression is emotional/forceful,helena,done,2024-02-16 10:36:30.233442
e6ciwm3,e6cjudx_1,Yes - Direct Content,Yes - Direct Expression,Yes - Content opposes someone else,No - Expression is not emotional/forceful,helena,done,2024-02-16 10:36:30.864547
e6ciwm3,e6cjudx_2,Yes - Direct Content,Yes - Direct Expression,Yes - Content opposes someone else,No - Expression is not emotional/forceful,helena,done,2024-02-16 10:36:31.507179
e6ciwm3,e6clcvs_1,Yes - Direct Content,Yes - Direct Expression,Yes - Content opposes someone else,No - Expression is not emotional/forceful,helena,done,2024-02-16 10:36:32.151973
e6ciwm3,e6clcvs_2,Yes - Direct Content,Yes - Direct Expression,No - Content does not oppose anyone,No - Expression is not emotional/forceful,helena,done,2024-02-16 10:36:32.970991
e6ciwm3,e6clcvs_3,Yes - Direct Content,Yes - Direct Expression,Yes - Content opposes someone else,No - Expression is not emotional/forceful,helena,done,2024-02-16 10:36:33.612072
e6ciwm3,e6clcvs_4,Yes - Direct Content,Yes - Direct Expression,Yes - Content opposes someone else,Yes - Expression is emotional/forceful,helena,done,2024-02-16 10:36:34.229415
e6ciwm3,e6clcvs_5,Yes - Direct Content,Yes - Direct Expression,Yes - Content opposes someone else,No - Expression is not emotional/forceful,helena,done,2024-02-16 10:36:34.878713
e6ciwm3,e6csi4d,Yes - Direct Content,Yes - Direct Expression,Yes - Content opposes someone else,No - Expression is not emotional/forceful,helena,done,2024-02-16 10:36:35.818019
e6ciwm3,e6ctqqw_1,Yes - Direct Content,Yes - Direct Expression,Yes - Content opposes someone else,No - Expression is not emotional/forceful,helena,done,2024-02-16 10:36:46.872636
e6ciwm3,e6ctqqw_2,Yes - Direct Content,Yes - Direct Expression,Yes - Content opposes someone else,No - Expression is not emotional/forceful,helena,done,2024-02-16 10:36:47.500305
e6ciwm3,e6ctqqw_3,Yes - Direct Content,Yes - Direct Expression,Yes - Content opposes someone else,No - Expression is not emotional/forceful,helena,done,2024-02-16 10:36:48.123542
e6ciwm3,e6ctqqw_4,Yes - Direct Content,Yes - Direct Expression,Yes - Content opposes someone else,No - Expression is not emotional/forceful,helena,done,2024-02-16 10:36:48.757694
e6ciwm3,e6ctqqw_5,Yes - Direct Content,Yes - Direct Expression,Yes - Content opposes someone else,No - Expression is not emotional/forceful,helena,done,2024-02-16 10:36:49.499984
e6ciwm3,e6ctqqw_6,Yes - Direct Content,Yes - Direct Expression,Yes - Content opposes someone else,No - Expression is not emotional/forceful,helena,done,2024-02-16 10:36:50.135089
e6ciwm3,e6d3cso_1,Yes - Direct Content,Yes - Direct Expression,Yes - Content opposes someone else,No - Expression is not emotional/forceful,helena,done,2024-02-16 10:36:50.772575
e6ciwm3,e6d3cso_2,Yes - Direct Content,Yes - Direct Expression,Yes - Content opposes someone else,No - Expression is not emotional/forceful,helena,done,2024-02-16 10:36:51.473475
e6ciwm3,e6d3cso_3,Yes - Direct Content,Yes - Direct Expression,Yes - Content opposes someone else,No - Expression is not emotional/forceful,helena,done,2024-02-16 10:36:52.124856
e6ciwm3,e6d3cso_4,Yes - Direct Content,Yes - Direct Expression,Yes - Content opposes someone else,No - Expression is not emotional/forceful,helena,done,2024-02-16 10:36:52.779530
e6ciwm3,e6d3cso_5,Yes - Direct Content,No - Indirect Expression,Yes - Content opposes someone else,No - Expression is not emotional/forceful,helena,done,2024-02-16 10:36:53.460304
e6ciwm3,e6d3v4s_1,Yes - Direct Content,Yes - Direct Expression,Yes - Content opposes someone else,No - Expression is not emotional/forceful,helena,done,2024-02-16 10:36:54.160650
e6ciwm3,e6d3v4s_2,Yes - Direct Content,Yes - Direct Expression,Yes - Content opposes someone else,No - Expression is not emotional/forceful,helena,done,2024-02-16 10:36:54.895285
e6ciwm3,e6d3v4s_3,Yes - Direct Content,No - Indirect Expression,Yes - Content opposes someone else,No - Expression is not emotional/forceful,helena,done,2024-02-16 10:36:55.563126
e6ciwm3,e6d4v67_1,Yes - Direct Content,Yes - Direct Expression,Yes - Content opposes someone else,No - Expression is not emotional/forceful,helena,done,2024-02-16 10:36:56.206368
e6ciwm3,e6d4v67_2,Yes - Direct Content,No - Indirect Expression,Yes - Content opposes someone else,No - Expression is not emotional/forceful,helena,done,2024-02-16 10:36:56.847257
e6ciwm3,e6d4v67_3,Yes - Direct Content,Yes - Direct Expression,Yes - Content opposes someone else,No - Expression is not emotional/forceful,helena,done,2024-02-16 10:36:57.562331
e6ciwm3,e6d4v67_4,Yes - Direct Content,Yes - Direct Expression,Yes - Content opposes someone else,No - Expression is not emotional/forceful,helena,done,2024-02-16 10:36:58.196263
e6ciwm3,e6d4v67_5,Yes - Direct Content,Yes - Direct Expression,Yes - Content opposes someone else,No - Expression is not emotional/forceful,helena,done,2024-02-16 10:36:58.838453
e6ciwm3,e6d4v67_6,Yes - Direct Content,Yes - Direct Expression,Yes - Content opposes someone else,No - Expression is not emotional/forceful,helena,done,2024-02-16 10:36:59.473085
e6ciwm3,e6d4v67_7,Yes - Direct Content,Yes - Direct Expression,Yes - Content opposes someone else,No - Expression is not emotional/forceful,helena,done,2024-02-16 10:37:10.204671
e6ciwm3,e6d5ndb,Yes - Direct Content,No - Indirect Expression,Yes - Content opposes someone else,No - Expression is not emotional/forceful,helena,done,2024-02-16 10:37:11.140501
e6ciwm3,e6d644s_1,Yes - Direct Content,Yes - Direct Expression,Yes - Content opposes someone else,No - Expression is not emotional/forceful,helena,done,2024-02-16 10:37:11.814287
e6ciwm3,e6d69zl_1,Yes - Direct Content,No - Indirect Expression,Yes - Content opposes someone else,Yes - Expression is emotional/forceful,helena,done,2024-02-16 10:37:12.467346
e6ciwm3,e6d69zl_2,Yes - Direct Content,No - Indirect Expression,Yes - Content opposes someone else,Yes - Expression is emotional/forceful,helena,done,2024-02-16 10:37:13.082389
e6ciwm3,e6d6hj8_1,Yes - Direct Content,No - Indirect Expression,Yes - Content opposes someone else,No - Expression is not emotional/forceful,helena,done,2024-02-16 10:37:13.715629
e6ciwm3,e6d6hj8_2,Yes - Direct Content,Yes - Direct Expression,Yes - Content opposes someone else,No - Expression is not emotional/forceful,helena,done,2024-02-16 10:37:14.347947
e6ciwm3,e6d6hj8_3,Yes - Direct Content,Yes - Direct Expression,Yes - Content opposes someone else,No - Expression is not emotional/forceful,helena,done,2024-02-16 10:37:15.017290
dbrj3ub,dbrj3ub_1,Yes - Direct Content,Yes - Direct Expression,Yes - Content opposes someone else,No - Expression is not emotional/forceful,helena,done,2024-02-16 10:37:15.657240
dbrj3ub,dbrj3ub_2,Yes - Direct Content,Yes - Direct Expression,No - Content does not oppose anyone,No - Expression is not emotional/forceful,helena,done,2024-02-16 10:37:16.451896
dbrj3ub,dbrj3ub_3,Yes - Direct Content,Yes - Direct Expression,Yes - Content opposes someone else,No - Expression is not emotional/forceful,helena,done,2024-02-16 10:37:17.241760
dbrj3ub,dbrj3ub_4,Yes - Direct Content,Yes - Direct Expression,Yes - Content opposes someone else,No - Expression is not emotional/forceful,helena,done,2024-02-16 10:37:17.888016
dbrj3ub,dbrlkqg,Neutral - Content contains no opinion,Yes - Direct Expression,Yes - Content opposes someone else,No - Expression is not emotional/forceful,helena,done,2024-02-16 10:37:18.532168
dbrj3ub,dbrlwus_1,Yes - Direct Content,Yes - Direct Expression,Yes - Content opposes someone else,No - Expression is not emotional/forceful,helena,done,2024-02-16 10:37:19.208989
dbrj3ub,dbrlwus_2,Neutral - Content contains no opinion,Yes - Direct Expression,Yes - Content opposes someone else,No - Expression is not emotional/forceful,helena,done,2024-02-16 10:37:19.888779
dbrj3ub,dbrm6zn,Yes - Direct Content,Yes - Direct Expression,Yes - Content opposes someone else,No - Expression is not emotional/forceful,helena,done,2024-02-16 10:37:20.557770
dbrj3ub,dbrmdcs,Yes - Direct Content,Yes - Direct Expression,No - Content does not oppose anyone,Yes - Expression is emotional/forceful,helena,done,2024-02-16 10:37:21.211794
dbrj3ub,dbrmue8_1,Yes - Direct Content,Yes - Direct Expression,Yes - Content opposes someone else,No - Expression is not emotional/forceful,helena,done,2024-02-16 10:37:21.836861
dbrj3ub,dbrmue8_2,Yes - Direct Content,Yes - Direct Expression,Yes - Content opposes someone else,No - Expression is not emotional/forceful,helena,done,2024-02-16 10:37:22.489558
de92e7n,de92e7n,Yes - Direct Content,Yes - Direct Expression,Yes - Content opposes someone else,No - Expression is not emotional/forceful,helena,done,2024-02-16 10:37:23.125140
de92e7n,de9sp4o,Yes - Direct Content,Yes - Direct Expression,Yes - Content opposes someone else,No - Expression is not emotional/forceful,helena,done,2024-02-16 10:37:33.772051
de92e7n,de9wr2x_1,Yes - Direct Content,No - Indirect Expression,Yes - Content opposes someone else,No - Expression is not emotional/forceful,helena,done,2024-02-16 10:37:34.410920
de92e7n,de9wr2x_2,Yes - Direct Content,Yes - Direct Expression,Yes - Content opposes someone else,No - Expression is not emotional/forceful,helena,done,2024-02-16 10:37:35.046189
d5q07u2,d5q07u2,Yes - Direct Content,Yes - Direct Expression,Yes - Content opposes someone else,No - Expression is not emotional/forceful,helena,done,2024-02-16 10:37:35.672539
d5q07u2,d5q0fkh,Yes - Direct Content,No - Indirect Expression,Yes - Content opposes someone else,No - Expression is not emotional/forceful,helena,done,2024-02-16 10:37:36.328633
d5q07u2,d5q0wdg,Yes - Direct Content,Yes - Direct Expression,Yes - Content opposes someone else,No - Expression is not emotional/forceful,helena,done,2024-02-16 10:37:36.955513
d5q07u2,d5q3eh6,Yes - Direct Content,Yes - Direct Expression,No - Content does not oppose anyone,No - Expression is not emotional/forceful,helena,done,2024-02-16 10:37:37.578811
d85vi9n,d85vi9n_1,Yes - Direct Content,Yes - Direct Expression,Yes - Content opposes someone else,No - Expression is not emotional/forceful,helena,done,2024-02-16 10:37:38.236664
d85vi9n,d85vi9n_2,Yes - Direct Content,No - Indirect Expression,Yes - Content opposes someone else,No - Expression is not emotional/forceful,helena,done,2024-02-16 10:37:38.884065
d85vi9n,d85vi9n_3,Yes - Direct Content,Yes - Direct Expression,Yes - Content opposes someone else,No - Expression is not emotional/forceful,helena,done,2024-02-16 10:37:39.505965
d85vi9n,d85vi9n_4,Yes - Direct Content,Yes - Direct Expression,Yes - Content opposes someone else,No - Expression is not emotional/forceful,helena,done,2024-02-16 10:37:40.158745
d85vi9n,d85vi9n_5,Yes - Direct Content,Yes - Direct Expression,Yes - Content opposes someone else,No - Expression is not emotional/forceful,helena,done,2024-02-16 10:37:40.797699
d85vi9n,d85vi9n_6,Yes - Direct Content,Yes - Direct Expression,Yes - Content opposes someone else,Yes - Expression is emotional/forceful,helena,done,2024-02-16 10:37:41.421404
d85vi9n,d85xpyt_1,Yes - Direct Content,Yes - Direct Expression,Yes - Content opposes someone else,No - Expression is not emotional/forceful,helena,done,2024-02-16 10:37:42.072805
d85vi9n,d85xpyt_2,Yes - Direct Content,Yes - Direct Expression,Yes - Content opposes someone else,No - Expression is not emotional/forceful,helena,done,2024-02-16 10:37:42.687757
d85vi9n,d85xpyt_3,Yes - Direct Content,Yes - Direct Expression,Yes - Content opposes someone else,No - Expression is not emotional/forceful,helena,done,2024-02-16 10:37:43.332088
d85vi9n,d85y4rt_1,Yes - Direct Content,Yes - Direct Expression,Yes - Content opposes someone else,No - Expression is not emotional/forceful,helena,done,2024-02-16 10:37:43.953194
d85vi9n,d85y4rt_2,Yes - Direct Content,No - Indirect Expression,Yes - Content opposes someone else,No - Expression is not emotional/forceful,helena,done,2024-02-16 10:37:44.574155
d85vi9n,d85z3im_1,Yes - Direct Content,Yes - Direct Expression,Yes - Content opposes someone else,No - Expression is not emotional/forceful,helena,done,2024-02-16 10:37:45.237784
d85vi9n,d85z3im_2,Yes - Direct Content,Yes - Direct Expression,Yes - Content opposes someone else,No - Expression is not emotional/forceful,helena,done,2024-02-16 10:37:45.928650
d85vi9n,d85zj9e_1,Yes - Direct Content,Yes - Direct Expression,Yes - Content opposes someone else,No - Expression is not emotional/forceful,helena,done,2024-02-16 10:37:56.741639
d85vi9n,d85zj9e_2,Yes - Direct Content,Yes - Direct Expression,Yes - Content opposes someone else,No - Expression is not emotional/forceful,helena,done,2024-02-16 10:37:57.379071
d85vi9n,d85zj9e_3,Yes - Direct Content,Yes - Direct Expression,Yes - Content opposes someone else,No - Expression is not emotional/forceful,helena,done,2024-02-16 10:37:57.997030
d85vi9n,d860jzy_1,Yes - Direct Content,Yes - Direct Expression,Yes - Content opposes someone else,No - Expression is not emotional/forceful,helena,done,2024-02-16 10:37:58.640793
d85vi9n,d860jzy_2,Yes - Direct Content,Yes - Direct Expression,Yes - Content opposes someone else,No - Expression is not emotional/forceful,helena,done,2024-02-16 10:37:59.432301
d85vi9n,d860jzy_3,Yes - Direct Content,Yes - Direct Expression,Yes - Content opposes someone else,No - Expression is not emotional/forceful,helena,done,2024-02-16 10:38:00.079240
d85vi9n,d860jzy_4,Yes - Direct Content,No - Indirect Expression,Yes - Content opposes someone else,No - Expression is not emotional/forceful,helena,done,2024-02-16 10:38:00.694693
d85vi9n,d864huv_1,Yes - Direct Content,Yes - Direct Expression,Yes - Content opposes someone else,No - Expression is not emotional/forceful,helena,done,2024-02-16 10:38:01.458486
d85vi9n,d864huv_2,Yes - Direct Content,Yes - Direct Expression,Yes - Content opposes someone else,No - Expression is not emotional/forceful,helena,done,2024-02-16 10:38:02.213915
d85vi9n,d864huv_3,Yes - Direct Content,Yes - Direct Expression,Yes - Content opposes someone else,No - Expression is not emotional/forceful,helena,done,2024-02-16 10:38:02.877970
d85vi9n,d86bqrm_1,Yes - Direct Content,Yes - Direct Expression,Yes - Content opposes someone else,No - Expression is not emotional/forceful,helena,done,2024-02-16 10:38:03.526481
d85vi9n,d86bqrm_2,Yes - Direct Content,No - Indirect Expression,Yes - Content opposes someone else,No - Expression is not emotional/forceful,helena,done,2024-02-16 10:38:04.163158
d85vi9n,d86bzje_1,Yes - Direct Content,No - Indirect Expression,Yes - Content opposes someone else,No - Expression is not emotional/forceful,helena,done,2024-02-16 10:38:04.788497
d85vi9n,d86bzje_2,Yes - Direct Content,Yes - Direct Expression,Yes - Content opposes someone else,No - Expression is not emotional/forceful,helena,done,2024-02-16 10:38:05.431088
d85vi9n,d86cm12_1,Yes - Direct Content,Yes - Direct Expression,Yes - Content opposes someone else,No - Expression is not emotional/forceful,helena,done,2024-02-16 10:38:06.079649
d85vi9n,d86cm12_2,Yes - Direct Content,No - Indirect Expression,Yes - Content opposes someone else,No - Expression is not emotional/forceful,helena,done,2024-02-16 10:38:06.706155
d85vi9n,d86cm12_3,Yes - Direct Content,Yes - Direct Expression,Yes - Content opposes someone else,No - Expression is not emotional/forceful,helena,done,2024-02-16 10:38:07.349809
d85vi9n,d86dx8t_1,Yes - Direct Content,Yes - Direct Expression,Yes - Content opposes someone else,No - Expression is not emotional/forceful,helena,done,2024-02-16 10:38:08.111403
d85vi9n,d86dx8t_2,Yes - Direct Content,No - Indirect Expression,Yes - Content opposes someone else,No - Expression is not emotional/forceful,helena,done,2024-02-16 10:38:08.732667
d85vi9n,d86dx8t_3,Yes - Direct Content,Yes - Direct Expression,Yes - Content opposes someone else,No - Expression is not emotional/forceful,helena,done,2024-02-16 10:38:09.379004
d85vi9n,d86dx8t_4,Yes - Direct Content,Yes - Direct Expression,Yes - Content opposes someone else,No - Expression is not emotional/forceful,helena,done,2024-02-16 10:38:20.037510
d85vi9n,d86dx8t_5,Yes - Direct Content,Yes - Direct Expression,Yes - Content opposes someone else,No - Expression is not emotional/forceful,helena,done,2024-02-16 10:38:20.680514
61_B,t3_2qr8gn,Yes - Direct Content,Yes - Direct Expression,Yes - Content opposes someone else,No - Expression is not emotional/forceful,helena,done,2024-02-16 10:38:21.321029
61_B,t1_cn9b5po_1,Yes - Direct Content,Yes - Direct Expression,Yes - Content opposes someone else,No - Expression is not emotional/forceful,helena,done,2024-02-16 10:38:21.974957
61_B,t1_cn9b5po_2,Yes - Direct Content,Yes - Direct Expression,Yes - Content opposes someone else,No - Expression is not emotional/forceful,helena,done,2024-02-16 10:38:22.586677
61_B,t1_cn9b5po_3,Yes - Direct Content,Yes - Direct Expression,Yes - Content opposes someone else,No - Expression is not emotional/forceful,helena,done,2024-02-16 10:38:23.210306
61_B,t1_cn9b5po_4,Yes - Direct Content,Yes - Direct Expression,Yes - Content opposes someone else,No - Expression is not emotional/forceful,helena,done,2024-02-16 10:38:23.822754
61_B,t1_cn9b5po_5,Yes - Direct Content,Yes - Direct Expression,Yes - Content opposes someone else,No - Expression is not emotional/forceful,helena,done,2024-02-16 10:38:24.476407
61_B,t1_cn9b5po_6,Yes - Direct Content,Yes - Direct Expression,Yes - Content opposes someone else,No - Expression is not emotional/forceful,helena,done,2024-02-16 10:38:25.108611
61_B,t1_cn9b5po_7,Yes - Direct Content,Yes - Direct Expression,Yes - Content opposes someone else,No - Expression is not emotional/forceful,helena,done,2024-02-16 10:38:25.771286
61_B,t1_cn9b5po_8,Yes - Direct Content,Yes - Direct Expression,Yes - Content opposes someone else,No - Expression is not emotional/forceful,helena,done,2024-02-16 10:38:26.520848
61_B,t1_cn9j8n8,Yes - Direct Content,Yes - Direct Expression,No - Content does not oppose anyone,No - Expression is not emotional/forceful,helena,done,2024-02-16 10:38:27.138315
835_A,t3_2bo66v,Yes - Direct Content,Yes - Direct Expression,Yes - Content opposes someone else,No - Expression is not emotional/forceful,helena,done,2024-02-16 10:32:23.616034
835_A,t1_cj7geua_1,Yes - Direct Content,Yes - Direct Expression,Yes - Content opposes someone else,No - Expression is not emotional/forceful,helena,done,2024-02-16 10:38:28.473974
835_A,t1_cj7geua_2,Yes - Direct Content,Yes - Direct Expression,Yes - Content opposes someone else,No - Expression is not emotional/forceful,helena,done,2024-02-16 10:38:29.106654
1278_B,t3_24c5qv,Yes - Direct Content,Yes - Direct Expression,Yes - Content opposes someone else,Yes - Expression is emotional/forceful,helena,done,2024-02-16 10:32:25.557276
1278_B,t1_ch5oa5w,Yes - Direct Content,Yes - Direct Expression,Yes - Content opposes someone else,Yes - Expression is emotional/forceful,helena,done,2024-02-16 10:38:30.374964
1278_B,t1_ch5og13_1,Yes - Direct Content,Yes - Direct Expression,No - Content does not oppose anyone,No - Expression is not emotional/forceful,helena,done,2024-02-16 10:38:30.989857
1778_A,t3_1v2buu,Yes - Direct Content,Yes - Direct Expression,Yes - Content opposes someone else,No - Expression is not emotional/forceful,helena,done,2024-02-16 10:27:30.436854
1778_A,t1_ceo0vsq,Yes - Direct Content,Yes - Direct Expression,No - Content does not oppose anyone,No - Expression is not emotional/forceful,helena,done,2024-02-16 10:38:32.473004
1778_A,t1_ceo1051,Yes - Direct Content,Yes - Direct Expression,No - Content does not oppose anyone,No - Expression is not emotional/forceful,helena,done,2024-02-16 10:38:43.140024
1811_B,t3_1udlql,Yes - Direct Content,Yes - Direct Expression,Yes - Content opposes someone else,No - Expression is not emotional/forceful,helena,done,2024-02-16 10:32:38.976274
1811_B,t1_ceh07bk_1,Yes - Direct Content,Yes - Direct Expression,Yes - Content opposes someone else,No - Expression is not emotional/forceful,helena,done,2024-02-16 10:38:44.400068
1811_B,t1_ceh07bk_2,Yes - Direct Content,Yes - Direct Expression,Yes - Content opposes someone else,No - Expression is not emotional/forceful,helena,done,2024-02-16 10:38:45.032522
1811_B,t1_ceh0b84_1,Yes - Direct Content,Yes - Direct Expression,No - Content does not oppose anyone,No - Expression is not emotional/forceful,helena,done,2024-02-16 10:38:46.020262
1811_B,t1_ceh0b84_2,Yes - Direct Content,Yes - Direct Expression,No - Content does not oppose anyone,No - Expression is not emotional/forceful,helena,done,2024-02-16 10:38:46.649854
3057_A,t3_30oi71,Yes - Direct Content,Yes - Direct Expression,Yes - Content opposes someone else,No - Expression is not emotional/forceful,helena,done,2024-02-16 10:32:41.966321
3057_A,t1_cpuh9jr_1,Yes - Direct Content,Yes - Direct Expression,Yes - Content opposes someone else,No - Expression is not emotional/forceful,helena,done,2024-02-16 10:38:47.943958
3057_A,t1_cpuh9jr_2,Yes - Direct Content,Yes - Direct Expression,Yes - Content opposes someone else,No - Expression is not emotional/forceful,helena,done,2024-02-16 10:38:48.584026
3057_A,t1_cpuh9jr_3,No - Indirect Content,Yes - Direct Expression,Yes - Content opposes someone else,No - Expression is not emotional/forceful,helena,done,2024-02-16 10:38:49.228614
